tdbank_imp_date,worldid,gamesvrid,dteventtime,gameappid,openid,platid,cpayzoneid,fighterid,resid,beforelevel,afterlevel,time,reason,subreason,roleid,moneycost,goldcost,gamegoldcost,pointscost
2020051510,10.210.0.192,152.152.2.1,2020/5/15 10:07,100539858,28fedb1a5a5d6863be630ec35e6b84da,1,4,1.10638E+19,10006301,55,56,0,3,0,3e31b4b2e6f4ae3fee46308d966849e9,11100,0,0,0
2020051510,10.210.0.192,152.152.2.1,2020/5/15 10:07,100539858,28fedb1a5a5d6863be630ec35e6b84da,1,4,1.10638E+19,10006301,54,55,0,3,0,3e31b4b2e6f4ae3fee46308d966849e9,10900,0,0,0
2020051510,10.210.0.192,152.152.2.1,2020/5/15 10:07,100539858,28fedb1a5a5d6863be630ec35e6b84da,1,4,1.10638E+19,10006301,53,54,0,3,0,3e31b4b2e6f4ae3fee46308d966849e9,10700,0,0,0
2020051510,10.210.0.192,152.152.2.1,2020/5/15 10:07,100539858,28fedb1a5a5d6863be630ec35e6b84da,1,4,1.10638E+19,10006301,51,52,0,3,0,3e31b4b2e6f4ae3fee46308d966849e9,10300,0,0,0
2020051510,10.210.0.192,152.152.2.1,2020/5/15 10:07,100539858,28fedb1a5a5d6863be630ec35e6b84da,1,4,1.10638E+19,10006301,48,49,0,3,0,3e31b4b2e6f4ae3fee46308d966849e9,9700,0,0,0
2020051510,10.210.0.192,152.152.2.1,2020/5/15 10:07,100539858,28fedb1a5a5d6863be630ec35e6b84da,1,4,1.10638E+19,10006301,47,48,0,3,0,3e31b4b2e6f4ae3fee46308d966849e9,9500,0,0,0
2020051510,10.210.0.192,152.152.2.1,2020/5/15 10:07,100539858,28fedb1a5a5d6863be630ec35e6b84da,1,4,1.10638E+19,10006301,45,46,0,3,0,3e31b4b2e6f4ae3fee46308d966849e9,9100,0,0,0
2020051510,10.210.0.192,152.152.2.1,2020/5/15 10:07,100539858,28fedb1a5a5d6863be630ec35e6b84da,1,4,1.10638E+19,10006301,44,45,0,3,0,3e31b4b2e6f4ae3fee46308d966849e9,8900,0,0,0
2020051510,10.210.0.192,152.152.2.1,2020/5/15 10:07,100539858,28fedb1a5a5d6863be630ec35e6b84da,1,4,1.10638E+19,10006301,42,43,0,3,0,3e31b4b2e6f4ae3fee46308d966849e9,8500,0,0,0
2020051510,10.210.0.192,152.152.2.1,2020/5/15 10:07,100539858,28fedb1a5a5d6863be630ec35e6b84da,1,4,1.10638E+19,10006301,41,42,0,3,0,3e31b4b2e6f4ae3fee46308d966849e9,8300,0,0,0
2020051510,10.210.0.192,152.152.2.1,2020/5/15 10:07,100539858,28fedb1a5a5d6863be630ec35e6b84da,1,4,1.10638E+19,10006301,36,37,0,3,0,3e31b4b2e6f4ae3fee46308d966849e9,7300,0,0,0
2020051510,10.210.0.192,152.152.2.1,2020/5/15 10:07,100539858,28fedb1a5a5d6863be630ec35e6b84da,1,4,1.10638E+19,10006301,35,36,0,3,0,3e31b4b2e6f4ae3fee46308d966849e9,7100,0,0,0
2020051510,10.210.0.192,152.152.2.1,2020/5/15 10:07,100539858,28fedb1a5a5d6863be630ec35e6b84da,1,4,1.10638E+19,10006301,34,35,0,3,0,3e31b4b2e6f4ae3fee46308d966849e9,6900,0,0,0
2020051510,10.210.0.192,152.152.2.1,2020/5/15 10:07,100539858,28fedb1a5a5d6863be630ec35e6b84da,1,4,1.10638E+19,10006301,33,34,0,3,0,3e31b4b2e6f4ae3fee46308d966849e9,6700,0,0,0
2020051510,10.210.0.192,152.152.2.1,2020/5/15 10:07,100539858,28fedb1a5a5d6863be630ec35e6b84da,1,4,1.10638E+19,10006301,30,31,0,3,0,3e31b4b2e6f4ae3fee46308d966849e9,6100,0,0,0
2020051510,10.210.0.192,152.152.2.1,2020/5/15 10:07,100539858,28fedb1a5a5d6863be630ec35e6b84da,1,4,1.10638E+19,10006301,29,30,0,3,0,3e31b4b2e6f4ae3fee46308d966849e9,5900,0,0,0
2020051510,10.210.0.192,152.152.2.1,2020/5/15 10:07,100539858,28fedb1a5a5d6863be630ec35e6b84da,1,4,1.10638E+19,10006301,28,29,0,3,0,3e31b4b2e6f4ae3fee46308d966849e9,5700,0,0,0
2020051510,10.210.0.192,152.152.2.1,2020/5/15 10:07,100539858,28fedb1a5a5d6863be630ec35e6b84da,1,4,1.10638E+19,10006301,27,28,0,3,0,3e31b4b2e6f4ae3fee46308d966849e9,5500,0,0,0
2020051510,10.210.0.192,152.152.2.1,2020/5/15 10:07,100539858,28fedb1a5a5d6863be630ec35e6b84da,1,4,1.10638E+19,10006301,26,27,0,3,0,3e31b4b2e6f4ae3fee46308d966849e9,5300,0,0,0
2020051510,10.210.0.192,152.152.2.1,2020/5/15 10:07,100539858,28fedb1a5a5d6863be630ec35e6b84da,1,4,1.10638E+19,10006301,24,25,0,3,0,3e31b4b2e6f4ae3fee46308d966849e9,4900,0,0,0
2020051510,10.210.0.192,152.152.2.1,2020/5/15 10:07,100539858,28fedb1a5a5d6863be630ec35e6b84da,1,4,1.10638E+19,10006301,23,24,0,3,0,3e31b4b2e6f4ae3fee46308d966849e9,4700,0,0,0
2020051510,10.210.0.192,152.152.2.1,2020/5/15 10:07,100539858,28fedb1a5a5d6863be630ec35e6b84da,1,4,1.10638E+19,10006301,20,21,0,3,0,3e31b4b2e6f4ae3fee46308d966849e9,4100,0,0,0
2020051510,10.210.0.192,152.152.2.1,2020/5/15 10:07,100539858,28fedb1a5a5d6863be630ec35e6b84da,1,4,1.10638E+19,10006301,19,20,0,3,0,3e31b4b2e6f4ae3fee46308d966849e9,3900,0,0,0
2020051510,10.210.0.192,152.152.2.1,2020/5/15 10:07,100539858,28fedb1a5a5d6863be630ec35e6b84da,1,4,1.10638E+19,10006301,17,18,0,3,0,3e31b4b2e6f4ae3fee46308d966849e9,3500,0,0,0
2020051510,10.210.0.192,152.152.2.1,2020/5/15 10:07,100539858,28fedb1a5a5d6863be630ec35e6b84da,1,4,1.10638E+19,10006301,14,15,0,3,0,3e31b4b2e6f4ae3fee46308d966849e9,2900,0,0,0
2020051510,10.210.0.192,152.152.2.1,2020/5/15 10:07,100539858,28fedb1a5a5d6863be630ec35e6b84da,1,4,1.10638E+19,10006301,10,11,0,3,0,3e31b4b2e6f4ae3fee46308d966849e9,2100,0,0,0
2020051510,10.210.0.192,152.152.2.1,2020/5/15 10:07,100539858,28fedb1a5a5d6863be630ec35e6b84da,1,4,1.10638E+19,10006301,9,10,0,3,0,3e31b4b2e6f4ae3fee46308d966849e9,1900,0,0,0
2020051510,10.210.0.192,152.152.2.1,2020/5/15 10:07,100539858,28fedb1a5a5d6863be630ec35e6b84da,1,4,1.10638E+19,10006301,4,5,0,3,0,3e31b4b2e6f4ae3fee46308d966849e9,900,0,0,0
2020051510,10.210.0.192,152.152.2.1,2020/5/15 10:07,100539858,28fedb1a5a5d6863be630ec35e6b84da,1,4,1.10638E+19,10006301,1,2,0,3,0,3e31b4b2e6f4ae3fee46308d966849e9,100,0,0,0
2020051510,10.210.0.192,152.152.2.1,2020/5/15 10:10,100539858,28fedb1a5a5d6863be630ec35e6b84da,1,4,1.10638E+19,10006301,358,359,0,3,0,3e31b4b2e6f4ae3fee46308d966849e9,0,0,100,0
2020051510,10.210.0.192,152.152.2.1,2020/5/15 10:10,100539858,28fedb1a5a5d6863be630ec35e6b84da,1,4,1.10638E+19,10006301,355,356,0,3,0,3e31b4b2e6f4ae3fee46308d966849e9,0,0,100,0
2020051510,10.210.0.192,152.152.2.1,2020/5/15 10:10,100539858,28fedb1a5a5d6863be630ec35e6b84da,1,4,1.10638E+19,10006301,353,354,0,3,0,3e31b4b2e6f4ae3fee46308d966849e9,0,0,100,0
2020051510,10.210.0.192,152.152.2.1,2020/5/15 10:10,100539858,28fedb1a5a5d6863be630ec35e6b84da,1,4,1.10638E+19,10006301,352,353,0,3,0,3e31b4b2e6f4ae3fee46308d966849e9,0,0,100,0
2020051510,10.210.0.192,152.152.2.1,2020/5/15 10:10,100539858,28fedb1a5a5d6863be630ec35e6b84da,1,4,1.10638E+19,10006301,351,352,0,3,0,3e31b4b2e6f4ae3fee46308d966849e9,0,0,100,0
2020051510,10.210.0.192,152.152.2.1,2020/5/15 10:10,100539858,28fedb1a5a5d6863be630ec35e6b84da,1,4,1.10638E+19,10006301,350,351,0,3,0,3e31b4b2e6f4ae3fee46308d966849e9,0,0,100,0
2020051510,10.210.0.192,152.152.2.1,2020/5/15 10:10,100539858,28fedb1a5a5d6863be630ec35e6b84da,1,4,1.10638E+19,10006301,349,350,0,3,0,3e31b4b2e6f4ae3fee46308d966849e9,0,0,100,0
2020051510,10.210.0.192,152.152.2.1,2020/5/15 10:10,100539858,28fedb1a5a5d6863be630ec35e6b84da,1,4,1.10638E+19,10006301,348,349,0,3,0,3e31b4b2e6f4ae3fee46308d966849e9,0,0,100,0
2020051510,10.210.0.192,152.152.2.1,2020/5/15 10:10,100539858,28fedb1a5a5d6863be630ec35e6b84da,1,4,1.10638E+19,10006301,347,348,0,3,0,3e31b4b2e6f4ae3fee46308d966849e9,0,0,100,0
2020051510,10.210.0.192,152.152.2.1,2020/5/15 10:10,100539858,28fedb1a5a5d6863be630ec35e6b84da,1,4,1.10638E+19,10006301,339,340,0,3,0,3e31b4b2e6f4ae3fee46308d966849e9,0,0,100,0
2020051510,10.210.0.192,152.152.2.1,2020/5/15 10:10,100539858,28fedb1a5a5d6863be630ec35e6b84da,1,4,1.10638E+19,10006301,335,336,0,3,0,3e31b4b2e6f4ae3fee46308d966849e9,0,0,100,0
2020051510,10.210.0.192,152.152.2.1,2020/5/15 10:10,100539858,28fedb1a5a5d6863be630ec35e6b84da,1,4,1.10638E+19,10006301,334,335,0,3,0,3e31b4b2e6f4ae3fee46308d966849e9,0,0,100,0
2020051510,10.210.0.192,152.152.2.1,2020/5/15 10:10,100539858,28fedb1a5a5d6863be630ec35e6b84da,1,4,1.10638E+19,10006301,322,323,0,3,0,3e31b4b2e6f4ae3fee46308d966849e9,0,0,90,0
2020051510,10.210.0.192,152.152.2.1,2020/5/15 10:10,100539858,28fedb1a5a5d6863be630ec35e6b84da,1,4,1.10638E+19,10006301,321,322,0,3,0,3e31b4b2e6f4ae3fee46308d966849e9,0,0,90,0
2020051510,10.210.0.192,152.152.2.1,2020/5/15 10:10,100539858,28fedb1a5a5d6863be630ec35e6b84da,1,4,1.10638E+19,10006301,313,314,0,3,0,3e31b4b2e6f4ae3fee46308d966849e9,0,0,90,0
2020051510,10.210.0.192,152.152.2.1,2020/5/15 10:10,100539858,28fedb1a5a5d6863be630ec35e6b84da,1,4,1.10638E+19,10006301,310,311,0,3,0,3e31b4b2e6f4ae3fee46308d966849e9,0,0,90,0
2020051510,10.210.0.192,152.152.2.1,2020/5/15 10:10,100539858,28fedb1a5a5d6863be630ec35e6b84da,1,4,1.10638E+19,10006301,307,308,0,3,0,3e31b4b2e6f4ae3fee46308d966849e9,0,0,90,0
2020051510,10.210.0.192,152.152.2.1,2020/5/15 10:10,100539858,28fedb1a5a5d6863be630ec35e6b84da,1,4,1.10638E+19,10006301,306,307,0,3,0,3e31b4b2e6f4ae3fee46308d966849e9,0,0,90,0
2020051510,10.210.0.192,152.152.2.1,2020/5/15 10:10,100539858,28fedb1a5a5d6863be630ec35e6b84da,1,4,1.10638E+19,10006301,305,306,0,3,0,3e31b4b2e6f4ae3fee46308d966849e9,0,0,90,0
2020051510,10.210.0.192,152.152.2.1,2020/5/15 10:10,100539858,28fedb1a5a5d6863be630ec35e6b84da,1,4,1.10638E+19,10006301,304,305,0,3,0,3e31b4b2e6f4ae3fee46308d966849e9,0,0,90,0
2020051510,10.210.0.192,152.152.2.1,2020/5/15 10:10,100539858,28fedb1a5a5d6863be630ec35e6b84da,1,4,1.10638E+19,10006301,303,304,0,3,0,3e31b4b2e6f4ae3fee46308d966849e9,0,0,90,0
2020051510,10.210.0.192,152.152.2.1,2020/5/15 10:10,100539858,28fedb1a5a5d6863be630ec35e6b84da,1,4,1.10638E+19,10006301,289,290,0,3,0,3e31b4b2e6f4ae3fee46308d966849e9,0,0,90,0
2020051510,10.210.0.192,152.152.2.1,2020/5/15 10:10,100539858,28fedb1a5a5d6863be630ec35e6b84da,1,4,1.10638E+19,10006301,288,289,0,3,0,3e31b4b2e6f4ae3fee46308d966849e9,0,0,90,0
2020051510,10.210.0.192,152.152.2.1,2020/5/15 10:09,100539858,28fedb1a5a5d6863be630ec35e6b84da,1,4,1.10638E+19,10006301,278,279,0,3,0,3e31b4b2e6f4ae3fee46308d966849e9,0,0,90,0
2020051510,10.210.0.192,152.152.2.1,2020/5/15 10:09,100539858,28fedb1a5a5d6863be630ec35e6b84da,1,4,1.10638E+19,10006301,271,272,0,3,0,3e31b4b2e6f4ae3fee46308d966849e9,0,0,90,0
2020051510,10.210.0.192,152.152.2.1,2020/5/15 10:09,100539858,28fedb1a5a5d6863be630ec35e6b84da,1,4,1.10638E+19,10006301,268,269,0,3,0,3e31b4b2e6f4ae3fee46308d966849e9,0,0,90,0
2020051510,10.210.0.192,152.152.2.1,2020/5/15 10:09,100539858,28fedb1a5a5d6863be630ec35e6b84da,1,4,1.10638E+19,10006301,267,268,0,3,0,3e31b4b2e6f4ae3fee46308d966849e9,0,0,90,0
2020051510,10.210.0.192,152.152.2.1,2020/5/15 10:09,100539858,28fedb1a5a5d6863be630ec35e6b84da,1,4,1.10638E+19,10006301,264,265,0,3,0,3e31b4b2e6f4ae3fee46308d966849e9,0,0,90,0
2020051510,10.210.0.192,152.152.2.1,2020/5/15 10:09,100539858,28fedb1a5a5d6863be630ec35e6b84da,1,4,1.10638E+19,10006301,262,263,0,3,0,3e31b4b2e6f4ae3fee46308d966849e9,0,0,90,0
2020051510,10.210.0.192,152.152.2.1,2020/5/15 10:09,100539858,28fedb1a5a5d6863be630ec35e6b84da,1,4,1.10638E+19,10006301,257,258,0,3,0,3e31b4b2e6f4ae3fee46308d966849e9,0,0,90,0
2020051510,10.210.0.192,152.152.2.1,2020/5/15 10:09,100539858,28fedb1a5a5d6863be630ec35e6b84da,1,4,1.10638E+19,10006301,255,256,0,3,0,3e31b4b2e6f4ae3fee46308d966849e9,0,0,90,0
2020051510,10.210.0.192,152.152.2.1,2020/5/15 10:09,100539858,28fedb1a5a5d6863be630ec35e6b84da,1,4,1.10638E+19,10006301,253,254,0,3,0,3e31b4b2e6f4ae3fee46308d966849e9,0,0,90,0
2020051510,10.210.0.192,152.152.2.1,2020/5/15 10:09,100539858,28fedb1a5a5d6863be630ec35e6b84da,1,4,1.10638E+19,10006301,250,251,0,3,0,3e31b4b2e6f4ae3fee46308d966849e9,0,0,90,0
2020051510,10.210.0.192,152.152.2.1,2020/5/15 10:09,100539858,28fedb1a5a5d6863be630ec35e6b84da,1,4,1.10638E+19,10006301,244,245,0,3,0,3e31b4b2e6f4ae3fee46308d966849e9,0,0,90,0
2020051510,10.210.0.192,152.152.2.1,2020/5/15 10:09,100539858,28fedb1a5a5d6863be630ec35e6b84da,1,4,1.10638E+19,10006301,242,243,0,3,0,3e31b4b2e6f4ae3fee46308d966849e9,0,0,90,0
2020051510,10.210.0.192,152.152.2.1,2020/5/15 10:09,100539858,28fedb1a5a5d6863be630ec35e6b84da,1,4,1.10638E+19,10006301,237,238,0,3,0,3e31b4b2e6f4ae3fee46308d966849e9,0,0,90,0
2020051510,10.210.0.192,152.152.2.1,2020/5/15 10:09,100539858,28fedb1a5a5d6863be630ec35e6b84da,1,4,1.10638E+19,10006301,236,237,0,3,0,3e31b4b2e6f4ae3fee46308d966849e9,0,0,90,0
2020051510,10.210.0.192,152.152.2.1,2020/5/15 10:09,100539858,28fedb1a5a5d6863be630ec35e6b84da,1,4,1.10638E+19,10006301,234,235,0,3,0,3e31b4b2e6f4ae3fee46308d966849e9,0,0,90,0
2020051510,10.210.0.192,152.152.2.1,2020/5/15 10:09,100539858,28fedb1a5a5d6863be630ec35e6b84da,1,4,1.10638E+19,10006301,231,232,0,3,0,3e31b4b2e6f4ae3fee46308d966849e9,0,0,90,0
2020051510,10.210.0.192,152.152.2.1,2020/5/15 10:09,100539858,28fedb1a5a5d6863be630ec35e6b84da,1,4,1.10638E+19,10006301,228,229,0,3,0,3e31b4b2e6f4ae3fee46308d966849e9,0,0,90,0
2020051510,10.210.0.192,152.152.2.1,2020/5/15 10:09,100539858,28fedb1a5a5d6863be630ec35e6b84da,1,4,1.10638E+19,10006301,227,228,0,3,0,3e31b4b2e6f4ae3fee46308d966849e9,0,0,90,0
2020051510,10.210.0.192,152.152.2.1,2020/5/15 10:09,100539858,28fedb1a5a5d6863be630ec35e6b84da,1,4,1.10638E+19,10006301,224,225,0,3,0,3e31b4b2e6f4ae3fee46308d966849e9,0,0,90,0
2020051510,10.210.0.192,152.152.2.1,2020/5/15 10:09,100539858,28fedb1a5a5d6863be630ec35e6b84da,1,4,1.10638E+19,10006301,223,224,0,3,0,3e31b4b2e6f4ae3fee46308d966849e9,0,0,90,0
2020051510,10.210.0.192,152.152.2.1,2020/5/15 10:09,100539858,28fedb1a5a5d6863be630ec35e6b84da,1,4,1.10638E+19,10006301,222,223,0,3,0,3e31b4b2e6f4ae3fee46308d966849e9,0,0,90,0
2020051510,10.210.0.192,152.152.2.1,2020/5/15 10:09,100539858,28fedb1a5a5d6863be630ec35e6b84da,1,4,1.10638E+19,10006301,215,216,0,3,0,3e31b4b2e6f4ae3fee46308d966849e9,0,0,90,0
2020051510,10.210.0.192,152.152.2.1,2020/5/15 10:09,100539858,28fedb1a5a5d6863be630ec35e6b84da,1,4,1.10638E+19,10006301,206,207,0,3,0,3e31b4b2e6f4ae3fee46308d966849e9,0,0,90,0
2020051510,10.210.0.192,152.152.2.1,2020/5/15 10:09,100539858,28fedb1a5a5d6863be630ec35e6b84da,1,4,1.10638E+19,10006301,200,201,0,3,0,3e31b4b2e6f4ae3fee46308d966849e9,0,0,90,0
2020051510,10.210.0.192,152.152.2.1,2020/5/15 10:09,100539858,28fedb1a5a5d6863be630ec35e6b84da,1,4,1.10638E+19,10006301,202,203,0,3,0,3e31b4b2e6f4ae3fee46308d966849e9,0,0,90,0
2020051510,10.210.0.192,152.152.2.1,2020/5/15 10:09,100539858,28fedb1a5a5d6863be630ec35e6b84da,1,4,1.10638E+19,10006301,198,199,0,3,0,3e31b4b2e6f4ae3fee46308d966849e9,0,0,90,0
2020051510,10.210.0.192,152.152.2.1,2020/5/15 10:09,100539858,28fedb1a5a5d6863be630ec35e6b84da,1,4,1.10638E+19,10006301,196,197,0,3,0,3e31b4b2e6f4ae3fee46308d966849e9,0,0,90,0
2020051510,10.210.0.192,152.152.2.1,2020/5/15 10:09,100539858,28fedb1a5a5d6863be630ec35e6b84da,1,4,1.10638E+19,10006301,194,195,0,3,0,3e31b4b2e6f4ae3fee46308d966849e9,0,0,90,0
2020051510,10.210.0.192,152.152.2.1,2020/5/15 10:09,100539858,28fedb1a5a5d6863be630ec35e6b84da,1,4,1.10638E+19,10006301,192,193,0,3,0,3e31b4b2e6f4ae3fee46308d966849e9,0,0,90,0
2020051510,10.210.0.192,152.152.2.1,2020/5/15 10:09,100539858,28fedb1a5a5d6863be630ec35e6b84da,1,4,1.10638E+19,10006301,189,190,0,3,0,3e31b4b2e6f4ae3fee46308d966849e9,0,0,90,0
2018100106,10.205.2.104,152.152.2.1,2018/10/1 6:04,100539858,28fedb1a5a5d6863be630ec35e6b84da,1,4,1.14893E+19,10005201,259,260,0,3,0,3e31b4b2e6f4ae3fee46308d966849e9,0,0,145,0
2018100106,10.205.2.104,152.152.2.1,2018/10/1 6:04,100539858,28fedb1a5a5d6863be630ec35e6b84da,1,4,1.14893E+19,10005201,258,259,0,3,0,3e31b4b2e6f4ae3fee46308d966849e9,0,0,145,0
2020051510,10.210.0.192,152.152.2.1,2020/5/15 10:10,100539858,28fedb1a5a5d6863be630ec35e6b84da,1,4,1.10638E+19,10006301,316,317,0,3,0,3e31b4b2e6f4ae3fee46308d966849e9,0,0,90,0
2020051510,10.210.0.192,152.152.2.1,2020/5/15 10:10,100539858,28fedb1a5a5d6863be630ec35e6b84da,1,4,1.10638E+19,10006301,309,310,0,3,0,3e31b4b2e6f4ae3fee46308d966849e9,0,0,90,0
2020051510,10.210.0.192,152.152.2.1,2020/5/15 10:10,100539858,28fedb1a5a5d6863be630ec35e6b84da,1,4,1.10638E+19,10006301,302,303,0,3,0,3e31b4b2e6f4ae3fee46308d966849e9,0,0,90,0
2020051510,10.210.0.192,152.152.2.1,2020/5/15 10:10,100539858,28fedb1a5a5d6863be630ec35e6b84da,1,4,1.10638E+19,10006301,301,302,0,3,0,3e31b4b2e6f4ae3fee46308d966849e9,0,0,90,0
2020051510,10.210.0.192,152.152.2.1,2020/5/15 10:10,100539858,28fedb1a5a5d6863be630ec35e6b84da,1,4,1.10638E+19,10006301,284,285,0,3,0,3e31b4b2e6f4ae3fee46308d966849e9,0,0,90,0
2020051510,10.210.0.192,152.152.2.1,2020/5/15 10:10,100539858,28fedb1a5a5d6863be630ec35e6b84da,1,4,1.10638E+19,10006301,283,284,0,3,0,3e31b4b2e6f4ae3fee46308d966849e9,0,0,90,0
2020051510,10.210.0.192,152.152.2.1,2020/5/15 10:09,100539858,28fedb1a5a5d6863be630ec35e6b84da,1,4,1.10638E+19,10006301,281,282,0,3,0,3e31b4b2e6f4ae3fee46308d966849e9,0,0,90,0
2020051510,10.210.0.192,152.152.2.1,2020/5/15 10:09,100539858,28fedb1a5a5d6863be630ec35e6b84da,1,4,1.10638E+19,10006301,279,280,0,3,0,3e31b4b2e6f4ae3fee46308d966849e9,0,0,90,0
2020051510,10.210.0.192,152.152.2.1,2020/5/15 10:09,100539858,28fedb1a5a5d6863be630ec35e6b84da,1,4,1.10638E+19,10006301,276,277,0,3,0,3e31b4b2e6f4ae3fee46308d966849e9,0,0,90,0
2020051510,10.210.0.192,152.152.2.1,2020/5/15 10:09,100539858,28fedb1a5a5d6863be630ec35e6b84da,1,4,1.10638E+19,10006301,275,276,0,3,0,3e31b4b2e6f4ae3fee46308d966849e9,0,0,90,0
2020051510,10.210.0.192,152.152.2.1,2020/5/15 10:09,100539858,28fedb1a5a5d6863be630ec35e6b84da,1,4,1.10638E+19,10006301,272,273,0,3,0,3e31b4b2e6f4ae3fee46308d966849e9,0,0,90,0
2020051510,10.210.0.192,152.152.2.1,2020/5/15 10:09,100539858,28fedb1a5a5d6863be630ec35e6b84da,1,4,1.10638E+19,10006301,269,270,0,3,0,3e31b4b2e6f4ae3fee46308d966849e9,0,0,90,0
2020051510,10.210.0.192,152.152.2.1,2020/5/15 10:09,100539858,28fedb1a5a5d6863be630ec35e6b84da,1,4,1.10638E+19,10006301,265,266,0,3,0,3e31b4b2e6f4ae3fee46308d966849e9,0,0,90,0
2020051510,10.210.0.192,152.152.2.1,2020/5/15 10:09,100539858,28fedb1a5a5d6863be630ec35e6b84da,1,4,1.10638E+19,10006301,263,264,0,3,0,3e31b4b2e6f4ae3fee46308d966849e9,0,0,90,0
2020051510,10.210.0.192,152.152.2.1,2020/5/15 10:09,100539858,28fedb1a5a5d6863be630ec35e6b84da,1,4,1.10638E+19,10006301,261,262,0,3,0,3e31b4b2e6f4ae3fee46308d966849e9,0,0,90,0
2020051510,10.210.0.192,152.152.2.1,2020/5/15 10:09,100539858,28fedb1a5a5d6863be630ec35e6b84da,1,4,1.10638E+19,10006301,258,259,0,3,0,3e31b4b2e6f4ae3fee46308d966849e9,0,0,90,0
2020051510,10.210.0.192,152.152.2.1,2020/5/15 10:09,100539858,28fedb1a5a5d6863be630ec35e6b84da,1,4,1.10638E+19,10006301,254,255,0,3,0,3e31b4b2e6f4ae3fee46308d966849e9,0,0,90,0
2020051510,10.210.0.192,152.152.2.1,2020/5/15 10:09,100539858,28fedb1a5a5d6863be630ec35e6b84da,1,4,1.10638E+19,10006301,252,253,0,3,0,3e31b4b2e6f4ae3fee46308d966849e9,0,0,90,0
2020051510,10.210.0.192,152.152.2.1,2020/5/15 10:09,100539858,28fedb1a5a5d6863be630ec35e6b84da,1,4,1.10638E+19,10006301,249,250,0,3,0,3e31b4b2e6f4ae3fee46308d966849e9,0,0,90,0
2020051510,10.210.0.192,152.152.2.1,2020/5/15 10:09,100539858,28fedb1a5a5d6863be630ec35e6b84da,1,4,1.10638E+19,10006301,247,248,0,3,0,3e31b4b2e6f4ae3fee46308d966849e9,0,0,90,0
2020051510,10.210.0.192,152.152.2.1,2020/5/15 10:09,100539858,28fedb1a5a5d6863be630ec35e6b84da,1,4,1.10638E+19,10006301,245,246,0,3,0,3e31b4b2e6f4ae3fee46308d966849e9,0,0,90,0
2020051510,10.210.0.192,152.152.2.1,2020/5/15 10:09,100539858,28fedb1a5a5d6863be630ec35e6b84da,1,4,1.10638E+19,10006301,243,244,0,3,0,3e31b4b2e6f4ae3fee46308d966849e9,0,0,90,0
2020051510,10.210.0.192,152.152.2.1,2020/5/15 10:09,100539858,28fedb1a5a5d6863be630ec35e6b84da,1,4,1.10638E+19,10006301,241,242,0,3,0,3e31b4b2e6f4ae3fee46308d966849e9,0,0,90,0
2020051510,10.210.0.192,152.152.2.1,2020/5/15 10:09,100539858,28fedb1a5a5d6863be630ec35e6b84da,1,4,1.10638E+19,10006301,235,236,0,3,0,3e31b4b2e6f4ae3fee46308d966849e9,0,0,90,0
2020051510,10.210.0.192,152.152.2.1,2020/5/15 10:09,100539858,28fedb1a5a5d6863be630ec35e6b84da,1,4,1.10638E+19,10006301,233,234,0,3,0,3e31b4b2e6f4ae3fee46308d966849e9,0,0,90,0
2020051510,10.210.0.192,152.152.2.1,2020/5/15 10:09,100539858,28fedb1a5a5d6863be630ec35e6b84da,1,4,1.10638E+19,10006301,232,233,0,3,0,3e31b4b2e6f4ae3fee46308d966849e9,0,0,90,0
2020051510,10.210.0.192,152.152.2.1,2020/5/15 10:09,100539858,28fedb1a5a5d6863be630ec35e6b84da,1,4,1.10638E+19,10006301,216,217,0,3,0,3e31b4b2e6f4ae3fee46308d966849e9,0,0,90,0
2020051510,10.210.0.192,152.152.2.1,2020/5/15 10:09,100539858,28fedb1a5a5d6863be630ec35e6b84da,1,4,1.10638E+19,10006301,214,215,0,3,0,3e31b4b2e6f4ae3fee46308d966849e9,0,0,90,0
2020051510,10.210.0.192,152.152.2.1,2020/5/15 10:09,100539858,28fedb1a5a5d6863be630ec35e6b84da,1,4,1.10638E+19,10006301,210,211,0,3,0,3e31b4b2e6f4ae3fee46308d966849e9,0,0,90,0
2020051510,10.210.0.192,152.152.2.1,2020/5/15 10:09,100539858,28fedb1a5a5d6863be630ec35e6b84da,1,4,1.10638E+19,10006301,209,210,0,3,0,3e31b4b2e6f4ae3fee46308d966849e9,0,0,90,0
2020051510,10.210.0.192,152.152.2.1,2020/5/15 10:09,100539858,28fedb1a5a5d6863be630ec35e6b84da,1,4,1.10638E+19,10006301,208,209,0,3,0,3e31b4b2e6f4ae3fee46308d966849e9,0,0,90,0
2020051510,10.210.0.192,152.152.2.1,2020/5/15 10:09,100539858,28fedb1a5a5d6863be630ec35e6b84da,1,4,1.10638E+19,10006301,203,204,0,3,0,3e31b4b2e6f4ae3fee46308d966849e9,0,0,90,0
2020051510,10.210.0.192,152.152.2.1,2020/5/15 10:09,100539858,28fedb1a5a5d6863be630ec35e6b84da,1,4,1.10638E+19,10006301,199,200,0,3,0,3e31b4b2e6f4ae3fee46308d966849e9,0,0,90,0
2020051510,10.210.0.192,152.152.2.1,2020/5/15 10:09,100539858,28fedb1a5a5d6863be630ec35e6b84da,1,4,1.10638E+19,10006301,195,196,0,3,0,3e31b4b2e6f4ae3fee46308d966849e9,0,0,90,0
2020051510,10.210.0.192,152.152.2.1,2020/5/15 10:09,100539858,28fedb1a5a5d6863be630ec35e6b84da,1,4,1.10638E+19,10006301,186,187,0,3,0,3e31b4b2e6f4ae3fee46308d966849e9,0,0,90,0
2020051510,10.210.0.192,152.152.2.1,2020/5/15 10:10,100539858,28fedb1a5a5d6863be630ec35e6b84da,1,4,1.10638E+19,10006301,359,360,0,3,0,3e31b4b2e6f4ae3fee46308d966849e9,0,0,100,0
2020051510,10.210.0.192,152.152.2.1,2020/5/15 10:10,100539858,28fedb1a5a5d6863be630ec35e6b84da,1,4,1.10638E+19,10006301,357,358,0,3,0,3e31b4b2e6f4ae3fee46308d966849e9,0,0,100,0
2020051510,10.210.0.192,152.152.2.1,2020/5/15 10:10,100539858,28fedb1a5a5d6863be630ec35e6b84da,1,4,1.10638E+19,10006301,344,345,0,3,0,3e31b4b2e6f4ae3fee46308d966849e9,0,0,100,0
2020051510,10.210.0.192,152.152.2.1,2020/5/15 10:10,100539858,28fedb1a5a5d6863be630ec35e6b84da,1,4,1.10638E+19,10006301,342,343,0,3,0,3e31b4b2e6f4ae3fee46308d966849e9,0,0,100,0
2020051510,10.210.0.192,152.152.2.1,2020/5/15 10:10,100539858,28fedb1a5a5d6863be630ec35e6b84da,1,4,1.10638E+19,10006301,340,341,0,3,0,3e31b4b2e6f4ae3fee46308d966849e9,0,0,100,0
2020051510,10.210.0.192,152.152.2.1,2020/5/15 10:10,100539858,28fedb1a5a5d6863be630ec35e6b84da,1,4,1.10638E+19,10006301,336,337,0,3,0,3e31b4b2e6f4ae3fee46308d966849e9,0,0,100,0
2020051510,10.210.0.192,152.152.2.1,2020/5/15 10:10,100539858,28fedb1a5a5d6863be630ec35e6b84da,1,4,1.10638E+19,10006301,330,331,0,3,0,3e31b4b2e6f4ae3fee46308d966849e9,0,0,90,0
2020051510,10.210.0.192,152.152.2.1,2020/5/15 10:10,100539858,28fedb1a5a5d6863be630ec35e6b84da,1,4,1.10638E+19,10006301,328,329,0,3,0,3e31b4b2e6f4ae3fee46308d966849e9,0,0,90,0
2020051510,10.210.0.192,152.152.2.1,2020/5/15 10:10,100539858,28fedb1a5a5d6863be630ec35e6b84da,1,4,1.10638E+19,10006301,317,318,0,3,0,3e31b4b2e6f4ae3fee46308d966849e9,0,0,90,0
2020051510,10.210.0.192,152.152.2.1,2020/5/15 10:08,100539858,28fedb1a5a5d6863be630ec35e6b84da,1,4,1.10638E+19,10006301,155,156,0,3,0,3e31b4b2e6f4ae3fee46308d966849e9,31090,0,0,0
2020051510,10.210.0.192,152.152.2.1,2020/5/15 10:08,100539858,28fedb1a5a5d6863be630ec35e6b84da,1,4,1.10638E+19,10006301,153,154,0,3,0,3e31b4b2e6f4ae3fee46308d966849e9,30690,0,0,0
2020051510,10.210.0.192,152.152.2.1,2020/5/15 10:08,100539858,28fedb1a5a5d6863be630ec35e6b84da,1,4,1.10638E+19,10006301,149,150,0,3,0,3e31b4b2e6f4ae3fee46308d966849e9,29890,0,0,0
2020051510,10.210.0.192,152.152.2.1,2020/5/15 10:08,100539858,28fedb1a5a5d6863be630ec35e6b84da,1,4,1.10638E+19,10006301,143,144,0,3,0,3e31b4b2e6f4ae3fee46308d966849e9,28690,0,0,0
2020051510,10.210.0.192,152.152.2.1,2020/5/15 10:08,100539858,28fedb1a5a5d6863be630ec35e6b84da,1,4,1.10638E+19,10006301,146,147,0,3,0,3e31b4b2e6f4ae3fee46308d966849e9,29290,0,0,0
2020051510,10.210.0.192,152.152.2.1,2020/5/15 10:08,100539858,28fedb1a5a5d6863be630ec35e6b84da,1,4,1.10638E+19,10006301,145,146,0,3,0,3e31b4b2e6f4ae3fee46308d966849e9,29090,0,0,0
2020051510,10.210.0.192,152.152.2.1,2020/5/15 10:08,100539858,28fedb1a5a5d6863be630ec35e6b84da,1,4,1.10638E+19,10006301,139,140,0,3,0,3e31b4b2e6f4ae3fee46308d966849e9,27890,0,0,0
2020051510,10.210.0.192,152.152.2.1,2020/5/15 10:08,100539858,28fedb1a5a5d6863be630ec35e6b84da,1,4,1.10638E+19,10006301,137,138,0,3,0,3e31b4b2e6f4ae3fee46308d966849e9,27490,0,0,0
2020051510,10.210.0.192,152.152.2.1,2020/5/15 10:08,100539858,28fedb1a5a5d6863be630ec35e6b84da,1,4,1.10638E+19,10006301,135,136,0,3,0,3e31b4b2e6f4ae3fee46308d966849e9,27090,0,0,0
2020051510,10.210.0.192,152.152.2.1,2020/5/15 10:08,100539858,28fedb1a5a5d6863be630ec35e6b84da,1,4,1.10638E+19,10006301,134,135,0,3,0,3e31b4b2e6f4ae3fee46308d966849e9,26890,0,0,0
2020051510,10.210.0.192,152.152.2.1,2020/5/15 10:08,100539858,28fedb1a5a5d6863be630ec35e6b84da,1,4,1.10638E+19,10006301,132,133,0,3,0,3e31b4b2e6f4ae3fee46308d966849e9,26490,0,0,0
2020051510,10.210.0.192,152.152.2.1,2020/5/15 10:08,100539858,28fedb1a5a5d6863be630ec35e6b84da,1,4,1.10638E+19,10006301,131,132,0,3,0,3e31b4b2e6f4ae3fee46308d966849e9,26290,0,0,0
2020051510,10.210.0.192,152.152.2.1,2020/5/15 10:08,100539858,28fedb1a5a5d6863be630ec35e6b84da,1,4,1.10638E+19,10006301,129,130,0,3,0,3e31b4b2e6f4ae3fee46308d966849e9,25890,0,0,0
2020051510,10.210.0.192,152.152.2.1,2020/5/15 10:08,100539858,28fedb1a5a5d6863be630ec35e6b84da,1,4,1.10638E+19,10006301,128,129,0,3,0,3e31b4b2e6f4ae3fee46308d966849e9,25690,0,0,0
2020051510,10.210.0.192,152.152.2.1,2020/5/15 10:08,100539858,28fedb1a5a5d6863be630ec35e6b84da,1,4,1.10638E+19,10006301,127,128,0,3,0,3e31b4b2e6f4ae3fee46308d966849e9,25490,0,0,0
2020051510,10.210.0.192,152.152.2.1,2020/5/15 10:08,100539858,28fedb1a5a5d6863be630ec35e6b84da,1,4,1.10638E+19,10006301,125,126,0,3,0,3e31b4b2e6f4ae3fee46308d966849e9,25090,0,0,0
2020051510,10.210.0.192,152.152.2.1,2020/5/15 10:08,100539858,28fedb1a5a5d6863be630ec35e6b84da,1,4,1.10638E+19,10006301,123,124,0,3,0,3e31b4b2e6f4ae3fee46308d966849e9,24690,0,0,0
2020051510,10.210.0.192,152.152.2.1,2020/5/15 10:08,100539858,28fedb1a5a5d6863be630ec35e6b84da,1,4,1.10638E+19,10006301,121,122,0,3,0,3e31b4b2e6f4ae3fee46308d966849e9,24290,0,0,0
2020051510,10.210.0.192,152.152.2.1,2020/5/15 10:08,100539858,28fedb1a5a5d6863be630ec35e6b84da,1,4,1.10638E+19,10006301,119,120,0,3,0,3e31b4b2e6f4ae3fee46308d966849e9,23890,0,0,0
2020051510,10.210.0.192,152.152.2.1,2020/5/15 10:08,100539858,28fedb1a5a5d6863be630ec35e6b84da,1,4,1.10638E+19,10006301,118,119,0,3,0,3e31b4b2e6f4ae3fee46308d966849e9,23690,0,0,0
2020051510,10.210.0.192,152.152.2.1,2020/5/15 10:08,100539858,28fedb1a5a5d6863be630ec35e6b84da,1,4,1.10638E+19,10006301,116,117,0,3,0,3e31b4b2e6f4ae3fee46308d966849e9,23290,0,0,0
2020051510,10.210.0.192,152.152.2.1,2020/5/15 10:08,100539858,28fedb1a5a5d6863be630ec35e6b84da,1,4,1.10638E+19,10006301,115,116,0,3,0,3e31b4b2e6f4ae3fee46308d966849e9,23090,0,0,0
2020051510,10.210.0.192,152.152.2.1,2020/5/15 10:08,100539858,28fedb1a5a5d6863be630ec35e6b84da,1,4,1.10638E+19,10006301,110,111,0,3,0,3e31b4b2e6f4ae3fee46308d966849e9,22090,0,0,0
2020051510,10.210.0.192,152.152.2.1,2020/5/15 10:08,100539858,28fedb1a5a5d6863be630ec35e6b84da,1,4,1.10638E+19,10006301,109,110,0,3,0,3e31b4b2e6f4ae3fee46308d966849e9,21890,0,0,0
2020051510,10.210.0.192,152.152.2.1,2020/5/15 10:08,100539858,28fedb1a5a5d6863be630ec35e6b84da,1,4,1.10638E+19,10006301,108,109,0,3,0,3e31b4b2e6f4ae3fee46308d966849e9,21690,0,0,0
2020051510,10.210.0.192,152.152.2.1,2020/5/15 10:08,100539858,28fedb1a5a5d6863be630ec35e6b84da,1,4,1.10638E+19,10006301,107,108,0,3,0,3e31b4b2e6f4ae3fee46308d966849e9,21490,0,0,0
2020051510,10.210.0.192,152.152.2.1,2020/5/15 10:08,100539858,28fedb1a5a5d6863be630ec35e6b84da,1,4,1.10638E+19,10006301,106,107,0,3,0,3e31b4b2e6f4ae3fee46308d966849e9,21290,0,0,0
2020051510,10.210.0.192,152.152.2.1,2020/5/15 10:08,100539858,28fedb1a5a5d6863be630ec35e6b84da,1,4,1.10638E+19,10006301,105,106,0,3,0,3e31b4b2e6f4ae3fee46308d966849e9,21090,0,0,0
2020051510,10.210.0.192,152.152.2.1,2020/5/15 10:08,100539858,28fedb1a5a5d6863be630ec35e6b84da,1,4,1.10638E+19,10006301,104,105,0,3,0,3e31b4b2e6f4ae3fee46308d966849e9,20890,0,0,0
2020051510,10.210.0.192,152.152.2.1,2020/5/15 10:08,100539858,28fedb1a5a5d6863be630ec35e6b84da,1,4,1.10638E+19,10006301,102,103,0,3,0,3e31b4b2e6f4ae3fee46308d966849e9,20490,0,0,0
2020051510,10.210.0.192,152.152.2.1,2020/5/15 10:08,100539858,28fedb1a5a5d6863be630ec35e6b84da,1,4,1.10638E+19,10006301,101,102,0,3,0,3e31b4b2e6f4ae3fee46308d966849e9,20290,0,0,0
2020051510,10.210.0.192,152.152.2.1,2020/5/15 10:08,100539858,28fedb1a5a5d6863be630ec35e6b84da,1,4,1.10638E+19,10006301,100,101,0,3,0,3e31b4b2e6f4ae3fee46308d966849e9,20090,0,0,0
2020051510,10.210.0.192,152.152.2.1,2020/5/15 10:08,100539858,28fedb1a5a5d6863be630ec35e6b84da,1,4,1.10638E+19,10006301,97,98,0,3,0,3e31b4b2e6f4ae3fee46308d966849e9,19490,0,0,0
2020051510,10.210.0.192,152.152.2.1,2020/5/15 10:08,100539858,28fedb1a5a5d6863be630ec35e6b84da,1,4,1.10638E+19,10006301,95,96,0,3,0,3e31b4b2e6f4ae3fee46308d966849e9,19090,0,0,0
2020051510,10.210.0.192,152.152.2.1,2020/5/15 10:08,100539858,28fedb1a5a5d6863be630ec35e6b84da,1,4,1.10638E+19,10006301,94,95,0,3,0,3e31b4b2e6f4ae3fee46308d966849e9,18890,0,0,0
2020051510,10.210.0.192,152.152.2.1,2020/5/15 10:08,100539858,28fedb1a5a5d6863be630ec35e6b84da,1,4,1.10638E+19,10006301,93,94,0,3,0,3e31b4b2e6f4ae3fee46308d966849e9,18690,0,0,0
2020051510,10.210.0.192,152.152.2.1,2020/5/15 10:08,100539858,28fedb1a5a5d6863be630ec35e6b84da,1,4,1.10638E+19,10006301,89,90,0,3,0,3e31b4b2e6f4ae3fee46308d966849e9,17890,0,0,0
2020051510,10.210.0.192,152.152.2.1,2020/5/15 10:08,100539858,28fedb1a5a5d6863be630ec35e6b84da,1,4,1.10638E+19,10006301,88,89,0,3,0,3e31b4b2e6f4ae3fee46308d966849e9,17690,0,0,0
2020051510,10.210.0.192,152.152.2.1,2020/5/15 10:08,100539858,28fedb1a5a5d6863be630ec35e6b84da,1,4,1.10638E+19,10006301,86,87,0,3,0,3e31b4b2e6f4ae3fee46308d966849e9,17290,0,0,0
2020051510,10.210.0.192,152.152.2.1,2020/5/15 10:08,100539858,28fedb1a5a5d6863be630ec35e6b84da,1,4,1.10638E+19,10006301,81,82,0,3,0,3e31b4b2e6f4ae3fee46308d966849e9,16290,0,0,0
2020051510,10.210.0.192,152.152.2.1,2020/5/15 10:08,100539858,28fedb1a5a5d6863be630ec35e6b84da,1,4,1.10638E+19,10006301,82,83,0,3,0,3e31b4b2e6f4ae3fee46308d966849e9,16490,0,0,0
2020051510,10.210.0.192,152.152.2.1,2020/5/15 10:08,100539858,28fedb1a5a5d6863be630ec35e6b84da,1,4,1.10638E+19,10006301,79,80,0,3,0,3e31b4b2e6f4ae3fee46308d966849e9,15890,0,0,0
2020051510,10.210.0.192,152.152.2.1,2020/5/15 10:08,100539858,28fedb1a5a5d6863be630ec35e6b84da,1,4,1.10638E+19,10006301,78,79,0,3,0,3e31b4b2e6f4ae3fee46308d966849e9,15690,0,0,0
2020051510,10.210.0.192,152.152.2.1,2020/5/15 10:08,100539858,28fedb1a5a5d6863be630ec35e6b84da,1,4,1.10638E+19,10006301,75,76,0,3,0,3e31b4b2e6f4ae3fee46308d966849e9,15090,0,0,0
2020051510,10.210.0.192,152.152.2.1,2020/5/15 10:07,100539858,28fedb1a5a5d6863be630ec35e6b84da,1,4,1.10638E+19,10006301,71,72,0,3,0,3e31b4b2e6f4ae3fee46308d966849e9,14290,0,0,0
2020051510,10.210.0.192,152.152.2.1,2020/5/15 10:07,100539858,28fedb1a5a5d6863be630ec35e6b84da,1,4,1.10638E+19,10006301,69,70,0,3,0,3e31b4b2e6f4ae3fee46308d966849e9,13890,0,0,0
2020051510,10.210.0.192,152.152.2.1,2020/5/15 10:07,100539858,28fedb1a5a5d6863be630ec35e6b84da,1,4,1.10638E+19,10006301,68,69,0,3,0,3e31b4b2e6f4ae3fee46308d966849e9,13690,0,0,0
2020051510,10.210.0.192,152.152.2.1,2020/5/15 10:07,100539858,28fedb1a5a5d6863be630ec35e6b84da,1,4,1.10638E+19,10006301,65,66,0,3,0,3e31b4b2e6f4ae3fee46308d966849e9,13090,0,0,0
2020051510,10.210.0.192,152.152.2.1,2020/5/15 10:07,100539858,28fedb1a5a5d6863be630ec35e6b84da,1,4,1.10638E+19,10006301,62,63,0,3,0,3e31b4b2e6f4ae3fee46308d966849e9,12490,0,0,0
2020051510,10.210.0.192,152.152.2.1,2020/5/15 10:07,100539858,28fedb1a5a5d6863be630ec35e6b84da,1,4,1.10638E+19,10006301,61,62,0,3,0,3e31b4b2e6f4ae3fee46308d966849e9,12290,0,0,0
2020051510,10.210.0.192,152.152.2.1,2020/5/15 10:07,100539858,28fedb1a5a5d6863be630ec35e6b84da,1,4,1.10638E+19,10006301,59,60,0,3,0,3e31b4b2e6f4ae3fee46308d966849e9,11900,0,0,0
2020051510,10.210.0.192,152.152.2.1,2020/5/15 10:09,100539858,28fedb1a5a5d6863be630ec35e6b84da,1,4,1.10638E+19,10006301,181,182,0,3,0,3e31b4b2e6f4ae3fee46308d966849e9,0,0,90,0
2020051510,10.210.0.192,152.152.2.1,2020/5/15 10:08,100539858,28fedb1a5a5d6863be630ec35e6b84da,1,4,1.10638E+19,10006301,173,174,0,3,0,3e31b4b2e6f4ae3fee46308d966849e9,34690,0,0,0
2020051510,10.210.0.192,152.152.2.1,2020/5/15 10:08,100539858,28fedb1a5a5d6863be630ec35e6b84da,1,4,1.10638E+19,10006301,171,172,0,3,0,3e31b4b2e6f4ae3fee46308d966849e9,34290,0,0,0
2020051510,10.210.0.192,152.152.2.1,2020/5/15 10:08,100539858,28fedb1a5a5d6863be630ec35e6b84da,1,4,1.10638E+19,10006301,169,170,0,3,0,3e31b4b2e6f4ae3fee46308d966849e9,33890,0,0,0
2020051510,10.210.0.192,152.152.2.1,2020/5/15 10:08,100539858,28fedb1a5a5d6863be630ec35e6b84da,1,4,1.10638E+19,10006301,168,169,0,3,0,3e31b4b2e6f4ae3fee46308d966849e9,33690,0,0,0
2020051510,10.210.0.192,152.152.2.1,2020/5/15 10:08,100539858,28fedb1a5a5d6863be630ec35e6b84da,1,4,1.10638E+19,10006301,164,165,0,3,0,3e31b4b2e6f4ae3fee46308d966849e9,32890,0,0,0
2020051510,10.210.0.192,152.152.2.1,2020/5/15 10:08,100539858,28fedb1a5a5d6863be630ec35e6b84da,1,4,1.10638E+19,10006301,163,164,0,3,0,3e31b4b2e6f4ae3fee46308d966849e9,32690,0,0,0
2020051510,10.210.0.192,152.152.2.1,2020/5/15 10:08,100539858,28fedb1a5a5d6863be630ec35e6b84da,1,4,1.10638E+19,10006301,160,161,0,3,0,3e31b4b2e6f4ae3fee46308d966849e9,32090,0,0,0
2020051510,10.210.0.192,152.152.2.1,2020/5/15 10:08,100539858,28fedb1a5a5d6863be630ec35e6b84da,1,4,1.10638E+19,10006301,156,157,0,3,0,3e31b4b2e6f4ae3fee46308d966849e9,31290,0,0,0
2020051510,10.210.0.192,152.152.2.1,2020/5/15 10:08,100539858,28fedb1a5a5d6863be630ec35e6b84da,1,4,1.10638E+19,10006301,180,181,0,3,0,3e31b4b2e6f4ae3fee46308d966849e9,36090,0,0,0
2020051510,10.210.0.192,152.152.2.1,2020/5/15 10:08,100539858,28fedb1a5a5d6863be630ec35e6b84da,1,4,1.10638E+19,10006301,178,179,0,3,0,3e31b4b2e6f4ae3fee46308d966849e9,35690,0,0,0
2020051510,10.210.0.192,152.152.2.1,2020/5/15 10:08,100539858,28fedb1a5a5d6863be630ec35e6b84da,1,4,1.10638E+19,10006301,176,177,0,3,0,3e31b4b2e6f4ae3fee46308d966849e9,35290,0,0,0
2020051510,10.210.0.192,152.152.2.1,2020/5/15 10:08,100539858,28fedb1a5a5d6863be630ec35e6b84da,1,4,1.10638E+19,10006301,167,168,0,3,0,3e31b4b2e6f4ae3fee46308d966849e9,33490,0,0,0
2020051510,10.210.0.192,152.152.2.1,2020/5/15 10:08,100539858,28fedb1a5a5d6863be630ec35e6b84da,1,4,1.10638E+19,10006301,162,163,0,3,0,3e31b4b2e6f4ae3fee46308d966849e9,32490,0,0,0
2020051510,10.210.0.192,152.152.2.1,2020/5/15 10:08,100539858,28fedb1a5a5d6863be630ec35e6b84da,1,4,1.10638E+19,10006301,161,162,0,3,0,3e31b4b2e6f4ae3fee46308d966849e9,32290,0,0,0
2020051510,10.210.0.192,152.152.2.1,2020/5/15 10:09,100539858,28fedb1a5a5d6863be630ec35e6b84da,1,4,1.10638E+19,10006301,188,189,0,3,0,3e31b4b2e6f4ae3fee46308d966849e9,0,0,90,0
2020051510,10.210.0.192,152.152.2.1,2020/5/15 10:09,100539858,28fedb1a5a5d6863be630ec35e6b84da,1,4,1.10638E+19,10006301,185,186,0,3,0,3e31b4b2e6f4ae3fee46308d966849e9,0,0,90,0
2019052811,10.210.0.166,152.152.2.1,2019/5/28 11:24,100539858,62d0df654176ff1f4670a58eea60b678,1,4,1.1066E+19,10000501,39,40,0,3,0,ac644d7b0b8d451c6192d2d9b9214fa3,10000,0,0,0
2019052811,10.210.0.166,152.152.2.1,2019/5/28 11:24,100539858,62d0df654176ff1f4670a58eea60b678,1,4,1.1066E+19,10000501,38,39,0,3,0,ac644d7b0b8d451c6192d2d9b9214fa3,10000,0,0,0
2019052811,10.210.0.166,152.152.2.1,2019/5/28 11:24,100539858,62d0df654176ff1f4670a58eea60b678,1,4,1.1066E+19,10000501,36,37,0,3,0,ac644d7b0b8d451c6192d2d9b9214fa3,10000,0,0,0
2019052811,10.210.0.166,152.152.2.1,2019/5/28 11:24,100539858,62d0df654176ff1f4670a58eea60b678,1,4,1.1066E+19,10000501,35,36,0,3,0,ac644d7b0b8d451c6192d2d9b9214fa3,10000,0,0,0
2019052811,10.210.0.166,152.152.2.1,2019/5/28 11:24,100539858,62d0df654176ff1f4670a58eea60b678,1,4,1.1066E+19,10000501,32,33,0,3,0,ac644d7b0b8d451c6192d2d9b9214fa3,10000,0,0,0
2019052811,10.210.0.166,152.152.2.1,2019/5/28 11:24,100539858,62d0df654176ff1f4670a58eea60b678,1,4,1.1066E+19,10000501,29,30,0,3,0,ac644d7b0b8d451c6192d2d9b9214fa3,10000,0,0,0
2019052811,10.210.0.166,152.152.2.1,2019/5/28 11:24,100539858,62d0df654176ff1f4670a58eea60b678,1,4,1.1066E+19,10000501,21,22,0,3,0,ac644d7b0b8d451c6192d2d9b9214fa3,7000,0,0,0
2019052811,10.210.0.166,152.152.2.1,2019/5/28 11:24,100539858,62d0df654176ff1f4670a58eea60b678,1,4,1.1066E+19,10000501,20,21,0,3,0,ac644d7b0b8d451c6192d2d9b9214fa3,6500,0,0,0
2019052811,10.210.0.166,152.152.2.1,2019/5/28 11:24,100539858,62d0df654176ff1f4670a58eea60b678,1,4,1.1066E+19,10000501,19,20,0,3,0,ac644d7b0b8d451c6192d2d9b9214fa3,6000,0,0,0
2019052811,10.210.0.166,152.152.2.1,2019/5/28 11:24,100539858,62d0df654176ff1f4670a58eea60b678,1,4,1.1066E+19,10000501,17,18,0,3,0,ac644d7b0b8d451c6192d2d9b9214fa3,5000,0,0,0
2019052811,10.210.0.166,152.152.2.1,2019/5/28 11:24,100539858,62d0df654176ff1f4670a58eea60b678,1,4,1.1066E+19,10000501,13,14,0,3,0,ac644d7b0b8d451c6192d2d9b9214fa3,3000,0,0,0
2019052811,10.210.0.166,152.152.2.1,2019/5/28 11:24,100539858,62d0df654176ff1f4670a58eea60b678,1,4,1.1066E+19,10000501,11,12,0,3,0,ac644d7b0b8d451c6192d2d9b9214fa3,2000,0,0,0
2019052811,10.210.0.166,152.152.2.1,2019/5/28 11:24,100539858,62d0df654176ff1f4670a58eea60b678,1,4,1.1066E+19,10000501,10,11,0,3,0,ac644d7b0b8d451c6192d2d9b9214fa3,1500,0,0,0
2019052811,10.210.0.166,152.152.2.1,2019/5/28 11:26,100539858,62d0df654176ff1f4670a58eea60b678,1,4,1.10623E+19,10000701,21,22,0,3,0,ac644d7b0b8d451c6192d2d9b9214fa3,7000,0,0,0
2019052811,10.210.0.166,152.152.2.1,2019/5/28 11:26,100539858,62d0df654176ff1f4670a58eea60b678,1,4,1.10623E+19,10000701,20,21,0,3,0,ac644d7b0b8d451c6192d2d9b9214fa3,6500,0,0,0
2019052811,10.210.0.166,152.152.2.1,2019/5/28 11:24,100539858,62d0df654176ff1f4670a58eea60b678,1,4,1.10623E+19,10000601,44,45,0,3,0,ac644d7b0b8d451c6192d2d9b9214fa3,10000,0,0,0
2019052811,10.210.0.166,152.152.2.1,2019/5/28 11:24,100539858,62d0df654176ff1f4670a58eea60b678,1,4,1.10623E+19,10000601,43,44,0,3,0,ac644d7b0b8d451c6192d2d9b9214fa3,10000,0,0,0
2019052811,10.210.0.166,152.152.2.1,2019/5/28 11:24,100539858,62d0df654176ff1f4670a58eea60b678,1,4,1.10623E+19,10000601,42,43,0,3,0,ac644d7b0b8d451c6192d2d9b9214fa3,10000,0,0,0
2019052811,10.210.0.166,152.152.2.1,2019/5/28 11:24,100539858,62d0df654176ff1f4670a58eea60b678,1,4,1.10623E+19,10000601,39,40,0,3,0,ac644d7b0b8d451c6192d2d9b9214fa3,10000,0,0,0
2019052811,10.210.0.166,152.152.2.1,2019/5/28 11:24,100539858,62d0df654176ff1f4670a58eea60b678,1,4,1.10623E+19,10000601,35,36,0,3,0,ac644d7b0b8d451c6192d2d9b9214fa3,10000,0,0,0
2019052811,10.210.0.166,152.152.2.1,2019/5/28 11:24,100539858,62d0df654176ff1f4670a58eea60b678,1,4,1.10623E+19,10000601,33,34,0,3,0,ac644d7b0b8d451c6192d2d9b9214fa3,10000,0,0,0
2019052811,10.210.0.166,152.152.2.1,2019/5/28 11:24,100539858,62d0df654176ff1f4670a58eea60b678,1,4,1.10623E+19,10000601,34,35,0,3,0,ac644d7b0b8d451c6192d2d9b9214fa3,10000,0,0,0
2019052811,10.210.0.166,152.152.2.1,2019/5/28 11:24,100539858,62d0df654176ff1f4670a58eea60b678,1,4,1.10623E+19,10000601,28,29,0,3,0,ac644d7b0b8d451c6192d2d9b9214fa3,10000,0,0,0
2019052811,10.210.0.166,152.152.2.1,2019/5/28 11:24,100539858,62d0df654176ff1f4670a58eea60b678,1,4,1.10623E+19,10000601,30,31,0,3,0,ac644d7b0b8d451c6192d2d9b9214fa3,10000,0,0,0
2019052811,10.210.0.166,152.152.2.1,2019/5/28 11:24,100539858,62d0df654176ff1f4670a58eea60b678,1,4,1.10623E+19,10000601,27,28,0,3,0,ac644d7b0b8d451c6192d2d9b9214fa3,10000,0,0,0
2019052811,10.210.0.166,152.152.2.1,2019/5/28 11:24,100539858,62d0df654176ff1f4670a58eea60b678,1,4,1.10623E+19,10000601,26,27,0,3,0,ac644d7b0b8d451c6192d2d9b9214fa3,9500,0,0,0
2019052811,10.210.0.166,152.152.2.1,2019/5/28 11:24,100539858,62d0df654176ff1f4670a58eea60b678,1,4,1.1066E+19,10000501,45,46,0,3,0,ac644d7b0b8d451c6192d2d9b9214fa3,10000,0,0,0
2019052811,10.210.0.166,152.152.2.1,2019/5/28 11:24,100539858,62d0df654176ff1f4670a58eea60b678,1,4,1.1066E+19,10000501,43,44,0,3,0,ac644d7b0b8d451c6192d2d9b9214fa3,10000,0,0,0
2019052811,10.210.0.166,152.152.2.1,2019/5/28 11:24,100539858,62d0df654176ff1f4670a58eea60b678,1,4,1.1066E+19,10000501,41,42,0,3,0,ac644d7b0b8d451c6192d2d9b9214fa3,10000,0,0,0
2020051510,10.210.0.192,152.152.2.1,2020/5/15 10:07,100539858,28fedb1a5a5d6863be630ec35e6b84da,1,4,1.10638E+19,10006301,58,59,0,3,0,3e31b4b2e6f4ae3fee46308d966849e9,11700,0,0,0
2020051510,10.210.0.192,152.152.2.1,2020/5/15 10:07,100539858,28fedb1a5a5d6863be630ec35e6b84da,1,4,1.10638E+19,10006301,57,58,0,3,0,3e31b4b2e6f4ae3fee46308d966849e9,11500,0,0,0
2020051510,10.210.0.192,152.152.2.1,2020/5/15 10:07,100539858,28fedb1a5a5d6863be630ec35e6b84da,1,4,1.10638E+19,10006301,56,57,0,3,0,3e31b4b2e6f4ae3fee46308d966849e9,11300,0,0,0
2020051510,10.210.0.192,152.152.2.1,2020/5/15 10:07,100539858,28fedb1a5a5d6863be630ec35e6b84da,1,4,1.10638E+19,10006301,52,53,0,3,0,3e31b4b2e6f4ae3fee46308d966849e9,10500,0,0,0
2020051510,10.210.0.192,152.152.2.1,2020/5/15 10:07,100539858,28fedb1a5a5d6863be630ec35e6b84da,1,4,1.10638E+19,10006301,50,51,0,3,0,3e31b4b2e6f4ae3fee46308d966849e9,10100,0,0,0
2020051510,10.210.0.192,152.152.2.1,2020/5/15 10:07,100539858,28fedb1a5a5d6863be630ec35e6b84da,1,4,1.10638E+19,10006301,49,50,0,3,0,3e31b4b2e6f4ae3fee46308d966849e9,9900,0,0,0
2020051510,10.210.0.192,152.152.2.1,2020/5/15 10:07,100539858,28fedb1a5a5d6863be630ec35e6b84da,1,4,1.10638E+19,10006301,46,47,0,3,0,3e31b4b2e6f4ae3fee46308d966849e9,9300,0,0,0
2020051510,10.210.0.192,152.152.2.1,2020/5/15 10:07,100539858,28fedb1a5a5d6863be630ec35e6b84da,1,4,1.10638E+19,10006301,43,44,0,3,0,3e31b4b2e6f4ae3fee46308d966849e9,8700,0,0,0
2020051510,10.210.0.192,152.152.2.1,2020/5/15 10:07,100539858,28fedb1a5a5d6863be630ec35e6b84da,1,4,1.10638E+19,10006301,40,41,0,3,0,3e31b4b2e6f4ae3fee46308d966849e9,8100,0,0,0
2020051510,10.210.0.192,152.152.2.1,2020/5/15 10:07,100539858,28fedb1a5a5d6863be630ec35e6b84da,1,4,1.10638E+19,10006301,39,40,0,3,0,3e31b4b2e6f4ae3fee46308d966849e9,7900,0,0,0
2020051510,10.210.0.192,152.152.2.1,2020/5/15 10:07,100539858,28fedb1a5a5d6863be630ec35e6b84da,1,4,1.10638E+19,10006301,38,39,0,3,0,3e31b4b2e6f4ae3fee46308d966849e9,7700,0,0,0
2020051510,10.210.0.192,152.152.2.1,2020/5/15 10:07,100539858,28fedb1a5a5d6863be630ec35e6b84da,1,4,1.10638E+19,10006301,37,38,0,3,0,3e31b4b2e6f4ae3fee46308d966849e9,7500,0,0,0
2020051510,10.210.0.192,152.152.2.1,2020/5/15 10:07,100539858,28fedb1a5a5d6863be630ec35e6b84da,1,4,1.10638E+19,10006301,32,33,0,3,0,3e31b4b2e6f4ae3fee46308d966849e9,6500,0,0,0
2020051510,10.210.0.192,152.152.2.1,2020/5/15 10:07,100539858,28fedb1a5a5d6863be630ec35e6b84da,1,4,1.10638E+19,10006301,31,32,0,3,0,3e31b4b2e6f4ae3fee46308d966849e9,6300,0,0,0
2020051510,10.210.0.192,152.152.2.1,2020/5/15 10:07,100539858,28fedb1a5a5d6863be630ec35e6b84da,1,4,1.10638E+19,10006301,25,26,0,3,0,3e31b4b2e6f4ae3fee46308d966849e9,5100,0,0,0
2020051510,10.210.0.192,152.152.2.1,2020/5/15 10:07,100539858,28fedb1a5a5d6863be630ec35e6b84da,1,4,1.10638E+19,10006301,22,23,0,3,0,3e31b4b2e6f4ae3fee46308d966849e9,4500,0,0,0
2020051510,10.210.0.192,152.152.2.1,2020/5/15 10:07,100539858,28fedb1a5a5d6863be630ec35e6b84da,1,4,1.10638E+19,10006301,21,22,0,3,0,3e31b4b2e6f4ae3fee46308d966849e9,4300,0,0,0
2020051510,10.210.0.192,152.152.2.1,2020/5/15 10:07,100539858,28fedb1a5a5d6863be630ec35e6b84da,1,4,1.10638E+19,10006301,18,19,0,3,0,3e31b4b2e6f4ae3fee46308d966849e9,3700,0,0,0
2020051510,10.210.0.192,152.152.2.1,2020/5/15 10:07,100539858,28fedb1a5a5d6863be630ec35e6b84da,1,4,1.10638E+19,10006301,16,17,0,3,0,3e31b4b2e6f4ae3fee46308d966849e9,3300,0,0,0
2020051510,10.210.0.192,152.152.2.1,2020/5/15 10:07,100539858,28fedb1a5a5d6863be630ec35e6b84da,1,4,1.10638E+19,10006301,15,16,0,3,0,3e31b4b2e6f4ae3fee46308d966849e9,3100,0,0,0
2020051510,10.210.0.192,152.152.2.1,2020/5/15 10:07,100539858,28fedb1a5a5d6863be630ec35e6b84da,1,4,1.10638E+19,10006301,13,14,0,3,0,3e31b4b2e6f4ae3fee46308d966849e9,2700,0,0,0
2020051510,10.210.0.192,152.152.2.1,2020/5/15 10:07,100539858,28fedb1a5a5d6863be630ec35e6b84da,1,4,1.10638E+19,10006301,12,13,0,3,0,3e31b4b2e6f4ae3fee46308d966849e9,2500,0,0,0
2020051510,10.210.0.192,152.152.2.1,2020/5/15 10:07,100539858,28fedb1a5a5d6863be630ec35e6b84da,1,4,1.10638E+19,10006301,11,12,0,3,0,3e31b4b2e6f4ae3fee46308d966849e9,2300,0,0,0
2020051510,10.210.0.192,152.152.2.1,2020/5/15 10:07,100539858,28fedb1a5a5d6863be630ec35e6b84da,1,4,1.10638E+19,10006301,8,9,0,3,0,3e31b4b2e6f4ae3fee46308d966849e9,1700,0,0,0
2020051510,10.210.0.192,152.152.2.1,2020/5/15 10:07,100539858,28fedb1a5a5d6863be630ec35e6b84da,1,4,1.10638E+19,10006301,7,8,0,3,0,3e31b4b2e6f4ae3fee46308d966849e9,1500,0,0,0
2020051510,10.210.0.192,152.152.2.1,2020/5/15 10:07,100539858,28fedb1a5a5d6863be630ec35e6b84da,1,4,1.10638E+19,10006301,6,7,0,3,0,3e31b4b2e6f4ae3fee46308d966849e9,1300,0,0,0
2020051510,10.210.0.192,152.152.2.1,2020/5/15 10:07,100539858,28fedb1a5a5d6863be630ec35e6b84da,1,4,1.10638E+19,10006301,5,6,0,3,0,3e31b4b2e6f4ae3fee46308d966849e9,1100,0,0,0
2020051510,10.210.0.192,152.152.2.1,2020/5/15 10:07,100539858,28fedb1a5a5d6863be630ec35e6b84da,1,4,1.10638E+19,10006301,3,4,0,3,0,3e31b4b2e6f4ae3fee46308d966849e9,700,0,0,0
2020051510,10.210.0.192,152.152.2.1,2020/5/15 10:07,100539858,28fedb1a5a5d6863be630ec35e6b84da,1,4,1.10638E+19,10006301,2,3,0,3,0,3e31b4b2e6f4ae3fee46308d966849e9,500,0,0,0
2020051510,10.210.0.192,152.152.2.1,2020/5/15 10:10,100539858,28fedb1a5a5d6863be630ec35e6b84da,1,4,1.10638E+19,10006301,356,357,0,3,0,3e31b4b2e6f4ae3fee46308d966849e9,0,0,100,0
2020051510,10.210.0.192,152.152.2.1,2020/5/15 10:10,100539858,28fedb1a5a5d6863be630ec35e6b84da,1,4,1.10638E+19,10006301,345,346,0,3,0,3e31b4b2e6f4ae3fee46308d966849e9,0,0,100,0
2020051510,10.210.0.192,152.152.2.1,2020/5/15 10:10,100539858,28fedb1a5a5d6863be630ec35e6b84da,1,4,1.10638E+19,10006301,343,344,0,3,0,3e31b4b2e6f4ae3fee46308d966849e9,0,0,100,0
2020051510,10.210.0.192,152.152.2.1,2020/5/15 10:10,100539858,28fedb1a5a5d6863be630ec35e6b84da,1,4,1.10638E+19,10006301,341,342,0,3,0,3e31b4b2e6f4ae3fee46308d966849e9,0,0,100,0
2020051510,10.210.0.192,152.152.2.1,2020/5/15 10:10,100539858,28fedb1a5a5d6863be630ec35e6b84da,1,4,1.10638E+19,10006301,337,338,0,3,0,3e31b4b2e6f4ae3fee46308d966849e9,0,0,100,0
2020051510,10.210.0.192,152.152.2.1,2020/5/15 10:10,100539858,28fedb1a5a5d6863be630ec35e6b84da,1,4,1.10638E+19,10006301,333,334,0,3,0,3e31b4b2e6f4ae3fee46308d966849e9,0,0,100,0
2020051510,10.210.0.192,152.152.2.1,2020/5/15 10:10,100539858,28fedb1a5a5d6863be630ec35e6b84da,1,4,1.10638E+19,10006301,332,333,0,3,0,3e31b4b2e6f4ae3fee46308d966849e9,0,0,100,0
2020051510,10.210.0.192,152.152.2.1,2020/5/15 10:10,100539858,28fedb1a5a5d6863be630ec35e6b84da,1,4,1.10638E+19,10006301,327,328,0,3,0,3e31b4b2e6f4ae3fee46308d966849e9,0,0,90,0
2020051510,10.210.0.192,152.152.2.1,2020/5/15 10:10,100539858,28fedb1a5a5d6863be630ec35e6b84da,1,4,1.10638E+19,10006301,325,326,0,3,0,3e31b4b2e6f4ae3fee46308d966849e9,0,0,90,0
2020051510,10.210.0.192,152.152.2.1,2020/5/15 10:10,100539858,28fedb1a5a5d6863be630ec35e6b84da,1,4,1.10638E+19,10006301,323,324,0,3,0,3e31b4b2e6f4ae3fee46308d966849e9,0,0,90,0
2020051510,10.210.0.192,152.152.2.1,2020/5/15 10:10,100539858,28fedb1a5a5d6863be630ec35e6b84da,1,4,1.10638E+19,10006301,318,319,0,3,0,3e31b4b2e6f4ae3fee46308d966849e9,0,0,90,0
2020051510,10.210.0.192,152.152.2.1,2020/5/15 10:10,100539858,28fedb1a5a5d6863be630ec35e6b84da,1,4,1.10638E+19,10006301,315,316,0,3,0,3e31b4b2e6f4ae3fee46308d966849e9,0,0,90,0
2020051510,10.210.0.192,152.152.2.1,2020/5/15 10:10,100539858,28fedb1a5a5d6863be630ec35e6b84da,1,4,1.10638E+19,10006301,312,313,0,3,0,3e31b4b2e6f4ae3fee46308d966849e9,0,0,90,0
2020051510,10.210.0.192,152.152.2.1,2020/5/15 10:10,100539858,28fedb1a5a5d6863be630ec35e6b84da,1,4,1.10638E+19,10006301,311,312,0,3,0,3e31b4b2e6f4ae3fee46308d966849e9,0,0,90,0
2020051510,10.210.0.192,152.152.2.1,2020/5/15 10:10,100539858,28fedb1a5a5d6863be630ec35e6b84da,1,4,1.10638E+19,10006301,300,301,0,3,0,3e31b4b2e6f4ae3fee46308d966849e9,0,0,90,0
2020051510,10.210.0.192,152.152.2.1,2020/5/15 10:10,100539858,28fedb1a5a5d6863be630ec35e6b84da,1,4,1.10638E+19,10006301,299,300,0,3,0,3e31b4b2e6f4ae3fee46308d966849e9,0,0,90,0
2020051510,10.210.0.192,152.152.2.1,2020/5/15 10:10,100539858,28fedb1a5a5d6863be630ec35e6b84da,1,4,1.10638E+19,10006301,298,299,0,3,0,3e31b4b2e6f4ae3fee46308d966849e9,0,0,90,0
2020051510,10.210.0.192,152.152.2.1,2020/5/15 10:10,100539858,28fedb1a5a5d6863be630ec35e6b84da,1,4,1.10638E+19,10006301,297,298,0,3,0,3e31b4b2e6f4ae3fee46308d966849e9,0,0,90,0
2020051510,10.210.0.192,152.152.2.1,2020/5/15 10:10,100539858,28fedb1a5a5d6863be630ec35e6b84da,1,4,1.10638E+19,10006301,294,295,0,3,0,3e31b4b2e6f4ae3fee46308d966849e9,0,0,90,0
2020051510,10.210.0.192,152.152.2.1,2020/5/15 10:10,100539858,28fedb1a5a5d6863be630ec35e6b84da,1,4,1.10638E+19,10006301,296,297,0,3,0,3e31b4b2e6f4ae3fee46308d966849e9,0,0,90,0
2020051510,10.210.0.192,152.152.2.1,2020/5/15 10:10,100539858,28fedb1a5a5d6863be630ec35e6b84da,1,4,1.10638E+19,10006301,295,296,0,3,0,3e31b4b2e6f4ae3fee46308d966849e9,0,0,90,0
2020051510,10.210.0.192,152.152.2.1,2020/5/15 10:10,100539858,28fedb1a5a5d6863be630ec35e6b84da,1,4,1.10638E+19,10006301,293,294,0,3,0,3e31b4b2e6f4ae3fee46308d966849e9,0,0,90,0
2020051510,10.210.0.192,152.152.2.1,2020/5/15 10:10,100539858,28fedb1a5a5d6863be630ec35e6b84da,1,4,1.10638E+19,10006301,292,293,0,3,0,3e31b4b2e6f4ae3fee46308d966849e9,0,0,90,0
2020051510,10.210.0.192,152.152.2.1,2020/5/15 10:10,100539858,28fedb1a5a5d6863be630ec35e6b84da,1,4,1.10638E+19,10006301,291,292,0,3,0,3e31b4b2e6f4ae3fee46308d966849e9,0,0,90,0
2020051510,10.210.0.192,152.152.2.1,2020/5/15 10:10,100539858,28fedb1a5a5d6863be630ec35e6b84da,1,4,1.10638E+19,10006301,285,286,0,3,0,3e31b4b2e6f4ae3fee46308d966849e9,0,0,90,0
2020051510,10.210.0.192,152.152.2.1,2020/5/15 10:09,100539858,28fedb1a5a5d6863be630ec35e6b84da,1,4,1.10638E+19,10006301,277,278,0,3,0,3e31b4b2e6f4ae3fee46308d966849e9,0,0,90,0
2020051510,10.210.0.192,152.152.2.1,2020/5/15 10:09,100539858,28fedb1a5a5d6863be630ec35e6b84da,1,4,1.10638E+19,10006301,274,275,0,3,0,3e31b4b2e6f4ae3fee46308d966849e9,0,0,90,0
2020051510,10.210.0.192,152.152.2.1,2020/5/15 10:09,100539858,28fedb1a5a5d6863be630ec35e6b84da,1,4,1.10638E+19,10006301,260,261,0,3,0,3e31b4b2e6f4ae3fee46308d966849e9,0,0,90,0
2020051510,10.210.0.192,152.152.2.1,2020/5/15 10:09,100539858,28fedb1a5a5d6863be630ec35e6b84da,1,4,1.10638E+19,10006301,259,260,0,3,0,3e31b4b2e6f4ae3fee46308d966849e9,0,0,90,0
2020051510,10.210.0.192,152.152.2.1,2020/5/15 10:09,100539858,28fedb1a5a5d6863be630ec35e6b84da,1,4,1.10638E+19,10006301,246,247,0,3,0,3e31b4b2e6f4ae3fee46308d966849e9,0,0,90,0
2020051510,10.210.0.192,152.152.2.1,2020/5/15 10:09,100539858,28fedb1a5a5d6863be630ec35e6b84da,1,4,1.10638E+19,10006301,239,240,0,3,0,3e31b4b2e6f4ae3fee46308d966849e9,0,0,90,0
2020051510,10.210.0.192,152.152.2.1,2020/5/15 10:09,100539858,28fedb1a5a5d6863be630ec35e6b84da,1,4,1.10638E+19,10006301,230,231,0,3,0,3e31b4b2e6f4ae3fee46308d966849e9,0,0,90,0
2020051510,10.210.0.192,152.152.2.1,2020/5/15 10:10,100539858,28fedb1a5a5d6863be630ec35e6b84da,1,4,1.10638E+19,10006301,314,315,0,3,0,3e31b4b2e6f4ae3fee46308d966849e9,0,0,90,0
2020051510,10.210.0.192,152.152.2.1,2020/5/15 10:10,100539858,28fedb1a5a5d6863be630ec35e6b84da,1,4,1.10638E+19,10006301,308,309,0,3,0,3e31b4b2e6f4ae3fee46308d966849e9,0,0,90,0
2020051510,10.210.0.192,152.152.2.1,2020/5/15 10:09,100539858,28fedb1a5a5d6863be630ec35e6b84da,1,4,1.10638E+19,10006301,219,220,0,3,0,3e31b4b2e6f4ae3fee46308d966849e9,0,0,90,0
2020051510,10.210.0.192,152.152.2.1,2020/5/15 10:09,100539858,28fedb1a5a5d6863be630ec35e6b84da,1,4,1.10638E+19,10006301,221,222,0,3,0,3e31b4b2e6f4ae3fee46308d966849e9,0,0,90,0
2020051510,10.210.0.192,152.152.2.1,2020/5/15 10:09,100539858,28fedb1a5a5d6863be630ec35e6b84da,1,4,1.10638E+19,10006301,220,221,0,3,0,3e31b4b2e6f4ae3fee46308d966849e9,0,0,90,0
2020051510,10.210.0.192,152.152.2.1,2020/5/15 10:09,100539858,28fedb1a5a5d6863be630ec35e6b84da,1,4,1.10638E+19,10006301,218,219,0,3,0,3e31b4b2e6f4ae3fee46308d966849e9,0,0,90,0
2020051510,10.210.0.192,152.152.2.1,2020/5/15 10:10,100539858,28fedb1a5a5d6863be630ec35e6b84da,1,4,1.10638E+19,10006301,287,288,0,3,0,3e31b4b2e6f4ae3fee46308d966849e9,0,0,90,0
2020051510,10.210.0.192,152.152.2.1,2020/5/15 10:10,100539858,28fedb1a5a5d6863be630ec35e6b84da,1,4,1.10638E+19,10006301,290,291,0,3,0,3e31b4b2e6f4ae3fee46308d966849e9,0,0,90,0
2020051510,10.210.0.192,152.152.2.1,2020/5/15 10:10,100539858,28fedb1a5a5d6863be630ec35e6b84da,1,4,1.10638E+19,10006301,286,287,0,3,0,3e31b4b2e6f4ae3fee46308d966849e9,0,0,90,0
2020051510,10.210.0.192,152.152.2.1,2020/5/15 10:09,100539858,28fedb1a5a5d6863be630ec35e6b84da,1,4,1.10638E+19,10006301,213,214,0,3,0,3e31b4b2e6f4ae3fee46308d966849e9,0,0,90,0
2020051510,10.210.0.192,152.152.2.1,2020/5/15 10:09,100539858,28fedb1a5a5d6863be630ec35e6b84da,1,4,1.10638E+19,10006301,282,283,0,3,0,3e31b4b2e6f4ae3fee46308d966849e9,0,0,90,0
2020051510,10.210.0.192,152.152.2.1,2020/5/15 10:09,100539858,28fedb1a5a5d6863be630ec35e6b84da,1,4,1.10638E+19,10006301,280,281,0,3,0,3e31b4b2e6f4ae3fee46308d966849e9,0,0,90,0
2020051510,10.210.0.192,152.152.2.1,2020/5/15 10:09,100539858,28fedb1a5a5d6863be630ec35e6b84da,1,4,1.10638E+19,10006301,273,274,0,3,0,3e31b4b2e6f4ae3fee46308d966849e9,0,0,90,0
2020051510,10.210.0.192,152.152.2.1,2020/5/15 10:09,100539858,28fedb1a5a5d6863be630ec35e6b84da,1,4,1.10638E+19,10006301,270,271,0,3,0,3e31b4b2e6f4ae3fee46308d966849e9,0,0,90,0
2020051510,10.210.0.192,152.152.2.1,2020/5/15 10:09,100539858,28fedb1a5a5d6863be630ec35e6b84da,1,4,1.10638E+19,10006301,207,208,0,3,0,3e31b4b2e6f4ae3fee46308d966849e9,0,0,90,0
2020051510,10.210.0.192,152.152.2.1,2020/5/15 10:09,100539858,28fedb1a5a5d6863be630ec35e6b84da,1,4,1.10638E+19,10006301,205,206,0,3,0,3e31b4b2e6f4ae3fee46308d966849e9,0,0,90,0
2020051510,10.210.0.192,152.152.2.1,2020/5/15 10:09,100539858,28fedb1a5a5d6863be630ec35e6b84da,1,4,1.10638E+19,10006301,266,267,0,3,0,3e31b4b2e6f4ae3fee46308d966849e9,0,0,90,0
2020051510,10.210.0.192,152.152.2.1,2020/5/15 10:09,100539858,28fedb1a5a5d6863be630ec35e6b84da,1,4,1.10638E+19,10006301,201,202,0,3,0,3e31b4b2e6f4ae3fee46308d966849e9,0,0,90,0
2020051510,10.210.0.192,152.152.2.1,2020/5/15 10:09,100539858,28fedb1a5a5d6863be630ec35e6b84da,1,4,1.10638E+19,10006301,256,257,0,3,0,3e31b4b2e6f4ae3fee46308d966849e9,0,0,90,0
2020051510,10.210.0.192,152.152.2.1,2020/5/15 10:09,100539858,28fedb1a5a5d6863be630ec35e6b84da,1,4,1.10638E+19,10006301,251,252,0,3,0,3e31b4b2e6f4ae3fee46308d966849e9,0,0,90,0
2020051510,10.210.0.192,152.152.2.1,2020/5/15 10:09,100539858,28fedb1a5a5d6863be630ec35e6b84da,1,4,1.10638E+19,10006301,197,198,0,3,0,3e31b4b2e6f4ae3fee46308d966849e9,0,0,90,0
2020051510,10.210.0.192,152.152.2.1,2020/5/15 10:09,100539858,28fedb1a5a5d6863be630ec35e6b84da,1,4,1.10638E+19,10006301,248,249,0,3,0,3e31b4b2e6f4ae3fee46308d966849e9,0,0,90,0
2020051510,10.210.0.192,152.152.2.1,2020/5/15 10:09,100539858,28fedb1a5a5d6863be630ec35e6b84da,1,4,1.10638E+19,10006301,240,241,0,3,0,3e31b4b2e6f4ae3fee46308d966849e9,0,0,90,0
2020051510,10.210.0.192,152.152.2.1,2020/5/15 10:09,100539858,28fedb1a5a5d6863be630ec35e6b84da,1,4,1.10638E+19,10006301,190,191,0,3,0,3e31b4b2e6f4ae3fee46308d966849e9,0,0,90,0
2020051510,10.210.0.192,152.152.2.1,2020/5/15 10:09,100539858,28fedb1a5a5d6863be630ec35e6b84da,1,4,1.10638E+19,10006301,238,239,0,3,0,3e31b4b2e6f4ae3fee46308d966849e9,0,0,90,0
2020051510,10.210.0.192,152.152.2.1,2020/5/15 10:09,100539858,28fedb1a5a5d6863be630ec35e6b84da,1,4,1.10638E+19,10006301,229,230,0,3,0,3e31b4b2e6f4ae3fee46308d966849e9,0,0,90,0
2020051510,10.210.0.192,152.152.2.1,2020/5/15 10:09,100539858,28fedb1a5a5d6863be630ec35e6b84da,1,4,1.10638E+19,10006301,184,185,0,3,0,3e31b4b2e6f4ae3fee46308d966849e9,0,0,90,0
2020051510,10.210.0.192,152.152.2.1,2020/5/15 10:09,100539858,28fedb1a5a5d6863be630ec35e6b84da,1,4,1.10638E+19,10006301,226,227,0,3,0,3e31b4b2e6f4ae3fee46308d966849e9,0,0,90,0
2020051510,10.210.0.192,152.152.2.1,2020/5/15 10:09,100539858,28fedb1a5a5d6863be630ec35e6b84da,1,4,1.10638E+19,10006301,225,226,0,3,0,3e31b4b2e6f4ae3fee46308d966849e9,0,0,90,0
2020051510,10.210.0.192,152.152.2.1,2020/5/15 10:09,100539858,28fedb1a5a5d6863be630ec35e6b84da,1,4,1.10638E+19,10006301,217,218,0,3,0,3e31b4b2e6f4ae3fee46308d966849e9,0,0,90,0
2020051510,10.210.0.192,152.152.2.1,2020/5/15 10:09,100539858,28fedb1a5a5d6863be630ec35e6b84da,1,4,1.10638E+19,10006301,212,213,0,3,0,3e31b4b2e6f4ae3fee46308d966849e9,0,0,90,0
2020051510,10.210.0.192,152.152.2.1,2020/5/15 10:09,100539858,28fedb1a5a5d6863be630ec35e6b84da,1,4,1.10638E+19,10006301,211,212,0,3,0,3e31b4b2e6f4ae3fee46308d966849e9,0,0,90,0
2020051510,10.210.0.192,152.152.2.1,2020/5/15 10:09,100539858,28fedb1a5a5d6863be630ec35e6b84da,1,4,1.10638E+19,10006301,193,194,0,3,0,3e31b4b2e6f4ae3fee46308d966849e9,0,0,90,0
2020051510,10.210.0.192,152.152.2.1,2020/5/15 10:09,100539858,28fedb1a5a5d6863be630ec35e6b84da,1,4,1.10638E+19,10006301,191,192,0,3,0,3e31b4b2e6f4ae3fee46308d966849e9,0,0,90,0
2020051510,10.210.0.192,152.152.2.1,2020/5/15 10:09,100539858,28fedb1a5a5d6863be630ec35e6b84da,1,4,1.10638E+19,10006301,187,188,0,3,0,3e31b4b2e6f4ae3fee46308d966849e9,0,0,90,0
2020051510,10.210.0.192,152.152.2.1,2020/5/15 10:09,100539858,28fedb1a5a5d6863be630ec35e6b84da,1,4,1.10638E+19,10006301,183,184,0,3,0,3e31b4b2e6f4ae3fee46308d966849e9,0,0,90,0
2020051510,10.210.0.192,152.152.2.1,2020/5/15 10:10,100539858,28fedb1a5a5d6863be630ec35e6b84da,1,4,1.10638E+19,10006301,354,355,0,3,0,3e31b4b2e6f4ae3fee46308d966849e9,0,0,100,0
2020051510,10.210.0.192,152.152.2.1,2020/5/15 10:10,100539858,28fedb1a5a5d6863be630ec35e6b84da,1,4,1.10638E+19,10006301,346,347,0,3,0,3e31b4b2e6f4ae3fee46308d966849e9,0,0,100,0
2020051510,10.210.0.192,152.152.2.1,2020/5/15 10:10,100539858,28fedb1a5a5d6863be630ec35e6b84da,1,4,1.10638E+19,10006301,338,339,0,3,0,3e31b4b2e6f4ae3fee46308d966849e9,0,0,100,0
2020051510,10.210.0.192,152.152.2.1,2020/5/15 10:10,100539858,28fedb1a5a5d6863be630ec35e6b84da,1,4,1.10638E+19,10006301,331,332,0,3,0,3e31b4b2e6f4ae3fee46308d966849e9,0,0,100,0
2020051510,10.210.0.192,152.152.2.1,2020/5/15 10:10,100539858,28fedb1a5a5d6863be630ec35e6b84da,1,4,1.10638E+19,10006301,329,330,0,3,0,3e31b4b2e6f4ae3fee46308d966849e9,0,0,90,0
2020051510,10.210.0.192,152.152.2.1,2020/5/15 10:10,100539858,28fedb1a5a5d6863be630ec35e6b84da,1,4,1.10638E+19,10006301,326,327,0,3,0,3e31b4b2e6f4ae3fee46308d966849e9,0,0,90,0
2020051510,10.210.0.192,152.152.2.1,2020/5/15 10:10,100539858,28fedb1a5a5d6863be630ec35e6b84da,1,4,1.10638E+19,10006301,324,325,0,3,0,3e31b4b2e6f4ae3fee46308d966849e9,0,0,90,0
2020051510,10.210.0.192,152.152.2.1,2020/5/15 10:10,100539858,28fedb1a5a5d6863be630ec35e6b84da,1,4,1.10638E+19,10006301,320,321,0,3,0,3e31b4b2e6f4ae3fee46308d966849e9,0,0,90,0
2020051510,10.210.0.192,152.152.2.1,2020/5/15 10:10,100539858,28fedb1a5a5d6863be630ec35e6b84da,1,4,1.10638E+19,10006301,319,320,0,3,0,3e31b4b2e6f4ae3fee46308d966849e9,0,0,90,0
2020051510,10.210.0.192,152.152.2.1,2020/5/15 10:08,100539858,28fedb1a5a5d6863be630ec35e6b84da,1,4,1.10638E+19,10006301,170,171,0,3,0,3e31b4b2e6f4ae3fee46308d966849e9,34090,0,0,0
2020051510,10.210.0.192,152.152.2.1,2020/5/15 10:08,100539858,28fedb1a5a5d6863be630ec35e6b84da,1,4,1.10638E+19,10006301,159,160,0,3,0,3e31b4b2e6f4ae3fee46308d966849e9,31890,0,0,0
2020051510,10.210.0.192,152.152.2.1,2020/5/15 10:08,100539858,28fedb1a5a5d6863be630ec35e6b84da,1,4,1.10638E+19,10006301,154,155,0,3,0,3e31b4b2e6f4ae3fee46308d966849e9,30890,0,0,0
2020051510,10.210.0.192,152.152.2.1,2020/5/15 10:08,100539858,28fedb1a5a5d6863be630ec35e6b84da,1,4,1.10638E+19,10006301,148,149,0,3,0,3e31b4b2e6f4ae3fee46308d966849e9,29690,0,0,0
2020051510,10.210.0.192,152.152.2.1,2020/5/15 10:08,100539858,28fedb1a5a5d6863be630ec35e6b84da,1,4,1.10638E+19,10006301,152,153,0,3,0,3e31b4b2e6f4ae3fee46308d966849e9,30490,0,0,0
2020051510,10.210.0.192,152.152.2.1,2020/5/15 10:08,100539858,28fedb1a5a5d6863be630ec35e6b84da,1,4,1.10638E+19,10006301,151,152,0,3,0,3e31b4b2e6f4ae3fee46308d966849e9,30290,0,0,0
2020051510,10.210.0.192,152.152.2.1,2020/5/15 10:08,100539858,28fedb1a5a5d6863be630ec35e6b84da,1,4,1.10638E+19,10006301,150,151,0,3,0,3e31b4b2e6f4ae3fee46308d966849e9,30090,0,0,0
2020051510,10.210.0.192,152.152.2.1,2020/5/15 10:08,100539858,28fedb1a5a5d6863be630ec35e6b84da,1,4,1.10638E+19,10006301,147,148,0,3,0,3e31b4b2e6f4ae3fee46308d966849e9,29490,0,0,0
2020051510,10.210.0.192,152.152.2.1,2020/5/15 10:08,100539858,28fedb1a5a5d6863be630ec35e6b84da,1,4,1.10638E+19,10006301,144,145,0,3,0,3e31b4b2e6f4ae3fee46308d966849e9,28890,0,0,0
2020051510,10.210.0.192,152.152.2.1,2020/5/15 10:08,100539858,28fedb1a5a5d6863be630ec35e6b84da,1,4,1.10638E+19,10006301,142,143,0,3,0,3e31b4b2e6f4ae3fee46308d966849e9,28490,0,0,0
2020051510,10.210.0.192,152.152.2.1,2020/5/15 10:08,100539858,28fedb1a5a5d6863be630ec35e6b84da,1,4,1.10638E+19,10006301,141,142,0,3,0,3e31b4b2e6f4ae3fee46308d966849e9,28290,0,0,0
2020051510,10.210.0.192,152.152.2.1,2020/5/15 10:08,100539858,28fedb1a5a5d6863be630ec35e6b84da,1,4,1.10638E+19,10006301,140,141,0,3,0,3e31b4b2e6f4ae3fee46308d966849e9,28090,0,0,0
2020051510,10.210.0.192,152.152.2.1,2020/5/15 10:08,100539858,28fedb1a5a5d6863be630ec35e6b84da,1,4,1.10638E+19,10006301,138,139,0,3,0,3e31b4b2e6f4ae3fee46308d966849e9,27690,0,0,0
2020051510,10.210.0.192,152.152.2.1,2020/5/15 10:08,100539858,28fedb1a5a5d6863be630ec35e6b84da,1,4,1.10638E+19,10006301,136,137,0,3,0,3e31b4b2e6f4ae3fee46308d966849e9,27290,0,0,0
2020051510,10.210.0.192,152.152.2.1,2020/5/15 10:08,100539858,28fedb1a5a5d6863be630ec35e6b84da,1,4,1.10638E+19,10006301,133,134,0,3,0,3e31b4b2e6f4ae3fee46308d966849e9,26690,0,0,0
2020051510,10.210.0.192,152.152.2.1,2020/5/15 10:08,100539858,28fedb1a5a5d6863be630ec35e6b84da,1,4,1.10638E+19,10006301,130,131,0,3,0,3e31b4b2e6f4ae3fee46308d966849e9,26090,0,0,0
2020051510,10.210.0.192,152.152.2.1,2020/5/15 10:08,100539858,28fedb1a5a5d6863be630ec35e6b84da,1,4,1.10638E+19,10006301,126,127,0,3,0,3e31b4b2e6f4ae3fee46308d966849e9,25290,0,0,0
2020051510,10.210.0.192,152.152.2.1,2020/5/15 10:08,100539858,28fedb1a5a5d6863be630ec35e6b84da,1,4,1.10638E+19,10006301,124,125,0,3,0,3e31b4b2e6f4ae3fee46308d966849e9,24890,0,0,0
2020051510,10.210.0.192,152.152.2.1,2020/5/15 10:08,100539858,28fedb1a5a5d6863be630ec35e6b84da,1,4,1.10638E+19,10006301,122,123,0,3,0,3e31b4b2e6f4ae3fee46308d966849e9,24490,0,0,0
2020051510,10.210.0.192,152.152.2.1,2020/5/15 10:08,100539858,28fedb1a5a5d6863be630ec35e6b84da,1,4,1.10638E+19,10006301,120,121,0,3,0,3e31b4b2e6f4ae3fee46308d966849e9,24090,0,0,0
2020051510,10.210.0.192,152.152.2.1,2020/5/15 10:08,100539858,28fedb1a5a5d6863be630ec35e6b84da,1,4,1.10638E+19,10006301,117,118,0,3,0,3e31b4b2e6f4ae3fee46308d966849e9,23490,0,0,0
2020051510,10.210.0.192,152.152.2.1,2020/5/15 10:08,100539858,28fedb1a5a5d6863be630ec35e6b84da,1,4,1.10638E+19,10006301,113,114,0,3,0,3e31b4b2e6f4ae3fee46308d966849e9,22690,0,0,0
2020051510,10.210.0.192,152.152.2.1,2020/5/15 10:08,100539858,28fedb1a5a5d6863be630ec35e6b84da,1,4,1.10638E+19,10006301,114,115,0,3,0,3e31b4b2e6f4ae3fee46308d966849e9,22890,0,0,0
2020051510,10.210.0.192,152.152.2.1,2020/5/15 10:08,100539858,28fedb1a5a5d6863be630ec35e6b84da,1,4,1.10638E+19,10006301,112,113,0,3,0,3e31b4b2e6f4ae3fee46308d966849e9,22490,0,0,0
2020051510,10.210.0.192,152.152.2.1,2020/5/15 10:08,100539858,28fedb1a5a5d6863be630ec35e6b84da,1,4,1.10638E+19,10006301,111,112,0,3,0,3e31b4b2e6f4ae3fee46308d966849e9,22290,0,0,0
2020051510,10.210.0.192,152.152.2.1,2020/5/15 10:08,100539858,28fedb1a5a5d6863be630ec35e6b84da,1,4,1.10638E+19,10006301,103,104,0,3,0,3e31b4b2e6f4ae3fee46308d966849e9,20690,0,0,0
2020051510,10.210.0.192,152.152.2.1,2020/5/15 10:08,100539858,28fedb1a5a5d6863be630ec35e6b84da,1,4,1.10638E+19,10006301,99,100,0,3,0,3e31b4b2e6f4ae3fee46308d966849e9,19890,0,0,0
2020051510,10.210.0.192,152.152.2.1,2020/5/15 10:08,100539858,28fedb1a5a5d6863be630ec35e6b84da,1,4,1.10638E+19,10006301,98,99,0,3,0,3e31b4b2e6f4ae3fee46308d966849e9,19690,0,0,0
2020051510,10.210.0.192,152.152.2.1,2020/5/15 10:08,100539858,28fedb1a5a5d6863be630ec35e6b84da,1,4,1.10638E+19,10006301,96,97,0,3,0,3e31b4b2e6f4ae3fee46308d966849e9,19290,0,0,0
2020051510,10.210.0.192,152.152.2.1,2020/5/15 10:08,100539858,28fedb1a5a5d6863be630ec35e6b84da,1,4,1.10638E+19,10006301,92,93,0,3,0,3e31b4b2e6f4ae3fee46308d966849e9,18490,0,0,0
2020051510,10.210.0.192,152.152.2.1,2020/5/15 10:08,100539858,28fedb1a5a5d6863be630ec35e6b84da,1,4,1.10638E+19,10006301,91,92,0,3,0,3e31b4b2e6f4ae3fee46308d966849e9,18290,0,0,0
2020051510,10.210.0.192,152.152.2.1,2020/5/15 10:08,100539858,28fedb1a5a5d6863be630ec35e6b84da,1,4,1.10638E+19,10006301,90,91,0,3,0,3e31b4b2e6f4ae3fee46308d966849e9,18090,0,0,0
2020051510,10.210.0.192,152.152.2.1,2020/5/15 10:08,100539858,28fedb1a5a5d6863be630ec35e6b84da,1,4,1.10638E+19,10006301,87,88,0,3,0,3e31b4b2e6f4ae3fee46308d966849e9,17490,0,0,0
2020051510,10.210.0.192,152.152.2.1,2020/5/15 10:08,100539858,28fedb1a5a5d6863be630ec35e6b84da,1,4,1.10638E+19,10006301,85,86,0,3,0,3e31b4b2e6f4ae3fee46308d966849e9,17090,0,0,0
2020051510,10.210.0.192,152.152.2.1,2020/5/15 10:08,100539858,28fedb1a5a5d6863be630ec35e6b84da,1,4,1.10638E+19,10006301,84,85,0,3,0,3e31b4b2e6f4ae3fee46308d966849e9,16890,0,0,0
2020051510,10.210.0.192,152.152.2.1,2020/5/15 10:08,100539858,28fedb1a5a5d6863be630ec35e6b84da,1,4,1.10638E+19,10006301,83,84,0,3,0,3e31b4b2e6f4ae3fee46308d966849e9,16690,0,0,0
2020051510,10.210.0.192,152.152.2.1,2020/5/15 10:08,100539858,28fedb1a5a5d6863be630ec35e6b84da,1,4,1.10638E+19,10006301,80,81,0,3,0,3e31b4b2e6f4ae3fee46308d966849e9,16090,0,0,0
2020051510,10.210.0.192,152.152.2.1,2020/5/15 10:08,100539858,28fedb1a5a5d6863be630ec35e6b84da,1,4,1.10638E+19,10006301,77,78,0,3,0,3e31b4b2e6f4ae3fee46308d966849e9,15490,0,0,0
2020051510,10.210.0.192,152.152.2.1,2020/5/15 10:08,100539858,28fedb1a5a5d6863be630ec35e6b84da,1,4,1.10638E+19,10006301,76,77,0,3,0,3e31b4b2e6f4ae3fee46308d966849e9,15290,0,0,0
2020051510,10.210.0.192,152.152.2.1,2020/5/15 10:07,100539858,28fedb1a5a5d6863be630ec35e6b84da,1,4,1.10638E+19,10006301,74,75,0,3,0,3e31b4b2e6f4ae3fee46308d966849e9,14890,0,0,0
2020051510,10.210.0.192,152.152.2.1,2020/5/15 10:07,100539858,28fedb1a5a5d6863be630ec35e6b84da,1,4,1.10638E+19,10006301,73,74,0,3,0,3e31b4b2e6f4ae3fee46308d966849e9,14690,0,0,0
2020051510,10.210.0.192,152.152.2.1,2020/5/15 10:07,100539858,28fedb1a5a5d6863be630ec35e6b84da,1,4,1.10638E+19,10006301,72,73,0,3,0,3e31b4b2e6f4ae3fee46308d966849e9,14490,0,0,0
2020051510,10.210.0.192,152.152.2.1,2020/5/15 10:07,100539858,28fedb1a5a5d6863be630ec35e6b84da,1,4,1.10638E+19,10006301,70,71,0,3,0,3e31b4b2e6f4ae3fee46308d966849e9,14090,0,0,0
2020051510,10.210.0.192,152.152.2.1,2020/5/15 10:07,100539858,28fedb1a5a5d6863be630ec35e6b84da,1,4,1.10638E+19,10006301,67,68,0,3,0,3e31b4b2e6f4ae3fee46308d966849e9,13490,0,0,0
2020051510,10.210.0.192,152.152.2.1,2020/5/15 10:07,100539858,28fedb1a5a5d6863be630ec35e6b84da,1,4,1.10638E+19,10006301,66,67,0,3,0,3e31b4b2e6f4ae3fee46308d966849e9,13290,0,0,0
2020051510,10.210.0.192,152.152.2.1,2020/5/15 10:07,100539858,28fedb1a5a5d6863be630ec35e6b84da,1,4,1.10638E+19,10006301,64,65,0,3,0,3e31b4b2e6f4ae3fee46308d966849e9,12890,0,0,0
2020051510,10.210.0.192,152.152.2.1,2020/5/15 10:07,100539858,28fedb1a5a5d6863be630ec35e6b84da,1,4,1.10638E+19,10006301,63,64,0,3,0,3e31b4b2e6f4ae3fee46308d966849e9,12690,0,0,0
2020051510,10.210.0.192,152.152.2.1,2020/5/15 10:07,100539858,28fedb1a5a5d6863be630ec35e6b84da,1,4,1.10638E+19,10006301,60,61,0,3,0,3e31b4b2e6f4ae3fee46308d966849e9,12100,0,0,0
2020051510,10.210.0.192,152.152.2.1,2020/5/15 10:09,100539858,28fedb1a5a5d6863be630ec35e6b84da,1,4,1.10638E+19,10006301,182,183,0,3,0,3e31b4b2e6f4ae3fee46308d966849e9,0,0,90,0
2020051510,10.210.0.192,152.152.2.1,2020/5/15 10:08,100539858,28fedb1a5a5d6863be630ec35e6b84da,1,4,1.10638E+19,10006301,175,176,0,3,0,3e31b4b2e6f4ae3fee46308d966849e9,35090,0,0,0
2020051510,10.210.0.192,152.152.2.1,2020/5/15 10:08,100539858,28fedb1a5a5d6863be630ec35e6b84da,1,4,1.10638E+19,10006301,174,175,0,3,0,3e31b4b2e6f4ae3fee46308d966849e9,34890,0,0,0
2020051510,10.210.0.192,152.152.2.1,2020/5/15 10:08,100539858,28fedb1a5a5d6863be630ec35e6b84da,1,4,1.10638E+19,10006301,172,173,0,3,0,3e31b4b2e6f4ae3fee46308d966849e9,34490,0,0,0
2020051510,10.210.0.192,152.152.2.1,2020/5/15 10:08,100539858,28fedb1a5a5d6863be630ec35e6b84da,1,4,1.10638E+19,10006301,166,167,0,3,0,3e31b4b2e6f4ae3fee46308d966849e9,33290,0,0,0
2020051510,10.210.0.192,152.152.2.1,2020/5/15 10:08,100539858,28fedb1a5a5d6863be630ec35e6b84da,1,4,1.10638E+19,10006301,165,166,0,3,0,3e31b4b2e6f4ae3fee46308d966849e9,33090,0,0,0
2020051510,10.210.0.192,152.152.2.1,2020/5/15 10:08,100539858,28fedb1a5a5d6863be630ec35e6b84da,1,4,1.10638E+19,10006301,158,159,0,3,0,3e31b4b2e6f4ae3fee46308d966849e9,31690,0,0,0
2020051510,10.210.0.192,152.152.2.1,2020/5/15 10:08,100539858,28fedb1a5a5d6863be630ec35e6b84da,1,4,1.10638E+19,10006301,157,158,0,3,0,3e31b4b2e6f4ae3fee46308d966849e9,31490,0,0,0
2020051510,10.210.0.192,152.152.2.1,2020/5/15 10:08,100539858,28fedb1a5a5d6863be630ec35e6b84da,1,4,1.10638E+19,10006301,179,180,0,3,0,3e31b4b2e6f4ae3fee46308d966849e9,35890,0,0,0
2020051510,10.210.0.192,152.152.2.1,2020/5/15 10:08,100539858,28fedb1a5a5d6863be630ec35e6b84da,1,4,1.10638E+19,10006301,177,178,0,3,0,3e31b4b2e6f4ae3fee46308d966849e9,35490,0,0,0
2020051510,10.210.0.192,152.152.2.1,2020/5/15 10:09,100539858,28fedb1a5a5d6863be630ec35e6b84da,1,4,1.10638E+19,10006301,204,205,0,3,0,3e31b4b2e6f4ae3fee46308d966849e9,0,0,90,0
2019052811,10.210.0.166,152.152.2.1,2019/5/28 11:24,100539858,62d0df654176ff1f4670a58eea60b678,1,4,1.1066E+19,10000501,37,38,0,3,0,ac644d7b0b8d451c6192d2d9b9214fa3,10000,0,0,0
2019052811,10.210.0.166,152.152.2.1,2019/5/28 11:24,100539858,62d0df654176ff1f4670a58eea60b678,1,4,1.1066E+19,10000501,34,35,0,3,0,ac644d7b0b8d451c6192d2d9b9214fa3,10000,0,0,0
2019052811,10.210.0.166,152.152.2.1,2019/5/28 11:24,100539858,62d0df654176ff1f4670a58eea60b678,1,4,1.1066E+19,10000501,33,34,0,3,0,ac644d7b0b8d451c6192d2d9b9214fa3,10000,0,0,0
2019052811,10.210.0.166,152.152.2.1,2019/5/28 11:24,100539858,62d0df654176ff1f4670a58eea60b678,1,4,1.1066E+19,10000501,31,32,0,3,0,ac644d7b0b8d451c6192d2d9b9214fa3,10000,0,0,0
2019052811,10.210.0.166,152.152.2.1,2019/5/28 11:24,100539858,62d0df654176ff1f4670a58eea60b678,1,4,1.1066E+19,10000501,30,31,0,3,0,ac644d7b0b8d451c6192d2d9b9214fa3,10000,0,0,0
2019052811,10.210.0.166,152.152.2.1,2019/5/28 11:24,100539858,62d0df654176ff1f4670a58eea60b678,1,4,1.1066E+19,10000501,28,29,0,3,0,ac644d7b0b8d451c6192d2d9b9214fa3,10000,0,0,0
2019052811,10.210.0.166,152.152.2.1,2019/5/28 11:24,100539858,62d0df654176ff1f4670a58eea60b678,1,4,1.1066E+19,10000501,27,28,0,3,0,ac644d7b0b8d451c6192d2d9b9214fa3,10000,0,0,0
2019052811,10.210.0.166,152.152.2.1,2019/5/28 11:24,100539858,62d0df654176ff1f4670a58eea60b678,1,4,1.1066E+19,10000501,26,27,0,3,0,ac644d7b0b8d451c6192d2d9b9214fa3,9500,0,0,0
2019052811,10.210.0.166,152.152.2.1,2019/5/28 11:24,100539858,62d0df654176ff1f4670a58eea60b678,1,4,1.1066E+19,10000501,25,26,0,3,0,ac644d7b0b8d451c6192d2d9b9214fa3,9000,0,0,0
2019052811,10.210.0.166,152.152.2.1,2019/5/28 11:24,100539858,62d0df654176ff1f4670a58eea60b678,1,4,1.1066E+19,10000501,24,25,0,3,0,ac644d7b0b8d451c6192d2d9b9214fa3,8500,0,0,0
2019052811,10.210.0.166,152.152.2.1,2019/5/28 11:24,100539858,62d0df654176ff1f4670a58eea60b678,1,4,1.1066E+19,10000501,23,24,0,3,0,ac644d7b0b8d451c6192d2d9b9214fa3,8000,0,0,0
2019052811,10.210.0.166,152.152.2.1,2019/5/28 11:24,100539858,62d0df654176ff1f4670a58eea60b678,1,4,1.1066E+19,10000501,22,23,0,3,0,ac644d7b0b8d451c6192d2d9b9214fa3,7500,0,0,0
2019052811,10.210.0.166,152.152.2.1,2019/5/28 11:24,100539858,62d0df654176ff1f4670a58eea60b678,1,4,1.1066E+19,10000501,18,19,0,3,0,ac644d7b0b8d451c6192d2d9b9214fa3,5500,0,0,0
2019052811,10.210.0.166,152.152.2.1,2019/5/28 11:24,100539858,62d0df654176ff1f4670a58eea60b678,1,4,1.1066E+19,10000501,16,17,0,3,0,ac644d7b0b8d451c6192d2d9b9214fa3,4500,0,0,0
2019052811,10.210.0.166,152.152.2.1,2019/5/28 11:24,100539858,62d0df654176ff1f4670a58eea60b678,1,4,1.1066E+19,10000501,15,16,0,3,0,ac644d7b0b8d451c6192d2d9b9214fa3,4000,0,0,0
2019052811,10.210.0.166,152.152.2.1,2019/5/28 11:24,100539858,62d0df654176ff1f4670a58eea60b678,1,4,1.1066E+19,10000501,14,15,0,3,0,ac644d7b0b8d451c6192d2d9b9214fa3,3500,0,0,0
2019052811,10.210.0.166,152.152.2.1,2019/5/28 11:24,100539858,62d0df654176ff1f4670a58eea60b678,1,4,1.1066E+19,10000501,12,13,0,3,0,ac644d7b0b8d451c6192d2d9b9214fa3,2500,0,0,0
2019052811,10.210.0.166,152.152.2.1,2019/5/28 11:26,100539858,62d0df654176ff1f4670a58eea60b678,1,4,1.10623E+19,10000701,26,27,0,3,0,ac644d7b0b8d451c6192d2d9b9214fa3,9500,0,0,0
2019052811,10.210.0.166,152.152.2.1,2019/5/28 11:26,100539858,62d0df654176ff1f4670a58eea60b678,1,4,1.10623E+19,10000701,27,28,0,3,0,ac644d7b0b8d451c6192d2d9b9214fa3,10000,0,0,0
2019052811,10.210.0.166,152.152.2.1,2019/5/28 11:26,100539858,62d0df654176ff1f4670a58eea60b678,1,4,1.10623E+19,10000701,25,26,0,3,0,ac644d7b0b8d451c6192d2d9b9214fa3,9000,0,0,0
2019052811,10.210.0.166,152.152.2.1,2019/5/28 11:26,100539858,62d0df654176ff1f4670a58eea60b678,1,4,1.10623E+19,10000701,24,25,0,3,0,ac644d7b0b8d451c6192d2d9b9214fa3,8500,0,0,0
2019052811,10.210.0.166,152.152.2.1,2019/5/28 11:26,100539858,62d0df654176ff1f4670a58eea60b678,1,4,1.10623E+19,10000701,23,24,0,3,0,ac644d7b0b8d451c6192d2d9b9214fa3,8000,0,0,0
2019052811,10.210.0.166,152.152.2.1,2019/5/28 11:26,100539858,62d0df654176ff1f4670a58eea60b678,1,4,1.10623E+19,10000701,22,23,0,3,0,ac644d7b0b8d451c6192d2d9b9214fa3,7500,0,0,0
2019052811,10.210.0.166,152.152.2.1,2019/5/28 11:26,100539858,62d0df654176ff1f4670a58eea60b678,1,4,1.10623E+19,10000701,19,20,0,3,0,ac644d7b0b8d451c6192d2d9b9214fa3,6000,0,0,0
2019052811,10.210.0.166,152.152.2.1,2019/5/28 11:26,100539858,62d0df654176ff1f4670a58eea60b678,1,4,1.10623E+19,10000701,18,19,0,3,0,ac644d7b0b8d451c6192d2d9b9214fa3,5500,0,0,0
2019052811,10.210.0.166,152.152.2.1,2019/5/28 11:25,100539858,62d0df654176ff1f4670a58eea60b678,1,4,1.10623E+19,10000601,47,48,0,3,0,ac644d7b0b8d451c6192d2d9b9214fa3,10000,0,0,0
2019052811,10.210.0.166,152.152.2.1,2019/5/28 11:25,100539858,62d0df654176ff1f4670a58eea60b678,1,4,1.10623E+19,10000601,49,50,0,3,0,ac644d7b0b8d451c6192d2d9b9214fa3,10000,0,0,0
2019052811,10.210.0.166,152.152.2.1,2019/5/28 11:25,100539858,62d0df654176ff1f4670a58eea60b678,1,4,1.10623E+19,10000601,48,49,0,3,0,ac644d7b0b8d451c6192d2d9b9214fa3,10000,0,0,0
2019052811,10.210.0.166,152.152.2.1,2019/5/28 11:25,100539858,62d0df654176ff1f4670a58eea60b678,1,4,1.10623E+19,10000601,46,47,0,3,0,ac644d7b0b8d451c6192d2d9b9214fa3,10000,0,0,0
2019052811,10.210.0.166,152.152.2.1,2019/5/28 11:24,100539858,62d0df654176ff1f4670a58eea60b678,1,4,1.10623E+19,10000601,45,46,0,3,0,ac644d7b0b8d451c6192d2d9b9214fa3,10000,0,0,0
2019052811,10.210.0.166,152.152.2.1,2019/5/28 11:24,100539858,62d0df654176ff1f4670a58eea60b678,1,4,1.10623E+19,10000601,40,41,0,3,0,ac644d7b0b8d451c6192d2d9b9214fa3,10000,0,0,0
2019052811,10.210.0.166,152.152.2.1,2019/5/28 11:24,100539858,62d0df654176ff1f4670a58eea60b678,1,4,1.10623E+19,10000601,41,42,0,3,0,ac644d7b0b8d451c6192d2d9b9214fa3,10000,0,0,0
2019052811,10.210.0.166,152.152.2.1,2019/5/28 11:24,100539858,62d0df654176ff1f4670a58eea60b678,1,4,1.10623E+19,10000601,38,39,0,3,0,ac644d7b0b8d451c6192d2d9b9214fa3,10000,0,0,0
2019052811,10.210.0.166,152.152.2.1,2019/5/28 11:24,100539858,62d0df654176ff1f4670a58eea60b678,1,4,1.10623E+19,10000601,36,37,0,3,0,ac644d7b0b8d451c6192d2d9b9214fa3,10000,0,0,0
2019052811,10.210.0.166,152.152.2.1,2019/5/28 11:24,100539858,62d0df654176ff1f4670a58eea60b678,1,4,1.10623E+19,10000601,37,38,0,3,0,ac644d7b0b8d451c6192d2d9b9214fa3,10000,0,0,0
2019052811,10.210.0.166,152.152.2.1,2019/5/28 11:24,100539858,62d0df654176ff1f4670a58eea60b678,1,4,1.10623E+19,10000601,32,33,0,3,0,ac644d7b0b8d451c6192d2d9b9214fa3,10000,0,0,0
2019052811,10.210.0.166,152.152.2.1,2019/5/28 11:24,100539858,62d0df654176ff1f4670a58eea60b678,1,4,1.10623E+19,10000601,31,32,0,3,0,ac644d7b0b8d451c6192d2d9b9214fa3,10000,0,0,0
2019052811,10.210.0.166,152.152.2.1,2019/5/28 11:24,100539858,62d0df654176ff1f4670a58eea60b678,1,4,1.10623E+19,10000601,29,30,0,3,0,ac644d7b0b8d451c6192d2d9b9214fa3,10000,0,0,0
2019052811,10.210.0.166,152.152.2.1,2019/5/28 11:24,100539858,62d0df654176ff1f4670a58eea60b678,1,4,1.1066E+19,10000501,49,50,0,3,0,ac644d7b0b8d451c6192d2d9b9214fa3,10000,0,0,0
2019052811,10.210.0.166,152.152.2.1,2019/5/28 11:24,100539858,62d0df654176ff1f4670a58eea60b678,1,4,1.1066E+19,10000501,47,48,0,3,0,ac644d7b0b8d451c6192d2d9b9214fa3,10000,0,0,0
2019052811,10.210.0.166,152.152.2.1,2019/5/28 11:24,100539858,62d0df654176ff1f4670a58eea60b678,1,4,1.1066E+19,10000501,48,49,0,3,0,ac644d7b0b8d451c6192d2d9b9214fa3,10000,0,0,0
2019052811,10.210.0.166,152.152.2.1,2019/5/28 11:24,100539858,62d0df654176ff1f4670a58eea60b678,1,4,1.1066E+19,10000501,46,47,0,3,0,ac644d7b0b8d451c6192d2d9b9214fa3,10000,0,0,0
2019052811,10.210.0.166,152.152.2.1,2019/5/28 11:24,100539858,62d0df654176ff1f4670a58eea60b678,1,4,1.1066E+19,10000501,44,45,0,3,0,ac644d7b0b8d451c6192d2d9b9214fa3,10000,0,0,0
2019052811,10.210.0.166,152.152.2.1,2019/5/28 11:24,100539858,62d0df654176ff1f4670a58eea60b678,1,4,1.1066E+19,10000501,42,43,0,3,0,ac644d7b0b8d451c6192d2d9b9214fa3,10000,0,0,0
2019052811,10.210.0.166,152.152.2.1,2019/5/28 11:24,100539858,62d0df654176ff1f4670a58eea60b678,1,4,1.1066E+19,10000501,40,41,0,3,0,ac644d7b0b8d451c6192d2d9b9214fa3,10000,0,0,0
